{
	"format_version": "1.9.0",
	"credit": "Made with Blockbench",
  	"parent": "minecraft:block/block",
	"texture_size": [64, 64],
	"textures": {
		"0": "radio:item/speaker_ground",
		"particle": "radio:item/speaker_ground"
	},
	"elements": [
		{
			"from": [4, 2.1, 3.7],
			"to": [12, 2.6, 11.7],
			"rotation": {"angle": 22.5, "axis": "x", "origin": [8, 4.6, 7.7]},
			"faces": {
				"north": {"uv": [8, 5.5, 10, 5.75], "texture": "#0"},
				"east": {"uv": [8, 5.75, 10, 6], "texture": "#0"},
				"south": {"uv": [8, 6, 10, 6.25], "texture": "#0"},
				"west": {"uv": [8, 6.25, 10, 6.5], "texture": "#0"},
				"up": {"uv": [2, 2, 0, 0], "texture": "#0"},
				"down": {"uv": [2, 2, 0, 4], "texture": "#0"}
			}
		},
		{
			"from": [4, 2.6, 3.7],
			"to": [4.5, 8.6, 11.7],
			"rotation": {"angle": 22.5, "axis": "x", "origin": [8, 4.6, 7.7]},
			"faces": {
				"north": {"uv": [7.75, 9, 8, 10.5], "texture": "#0"},
				"east": {"uv": [0, 4, 2, 5.5], "texture": "#0"},
				"south": {"uv": [9, 8.5, 9.25, 10], "texture": "#0"},
				"west": {"uv": [2, 4, 4, 5.5], "texture": "#0"},
				"up": {"uv": [6, 10, 5.75, 8], "texture": "#0"},
				"down": {"uv": [6.25, 8, 6, 10], "texture": "#0"}
			}
		},
		{
			"from": [11.5, 2.6, 3.7],
			"to": [12, 8.6, 11.7],
			"rotation": {"angle": 22.5, "axis": "x", "origin": [8, 4.6, 7.7]},
			"faces": {
				"north": {"uv": [9.25, 1, 9.5, 2.5], "texture": "#0"},
				"east": {"uv": [4, 4, 6, 5.5], "texture": "#0"},
				"south": {"uv": [9.25, 8.5, 9.5, 10], "texture": "#0"},
				"west": {"uv": [0, 5.5, 2, 7], "texture": "#0"},
				"up": {"uv": [6.5, 10, 6.25, 8], "texture": "#0"},
				"down": {"uv": [6.75, 8, 6.5, 10], "texture": "#0"}
			}
		},
		{
			"from": [4.5, 2.6, 3.9],
			"to": [11.5, 3.1, 11.7],
			"rotation": {"angle": 22.5, "axis": "x", "origin": [8, 4.6, 7.7]},
			"faces": {
				"north": {"uv": [8.5, 2.5, 10.25, 2.75], "texture": "#0"},
				"east": {"uv": [8, 6.5, 10, 6.75], "texture": "#0"},
				"south": {"uv": [8.5, 2.75, 10.25, 3], "texture": "#0"},
				"west": {"uv": [8, 6.75, 10, 7], "texture": "#0"},
				"up": {"uv": [3.75, 2, 2, 0], "texture": "#0"},
				"down": {"uv": [3.75, 2, 2, 4], "texture": "#0"}
			}
		},
		{
			"from": [4.5, 3.1, 3.9],
			"to": [5, 8.1, 11.7],
			"rotation": {"angle": 22.5, "axis": "x", "origin": [8, 4.6, 7.7]},
			"faces": {
				"north": {"uv": [8, 9.5, 8.25, 10.75], "texture": "#0"},
				"east": {"uv": [5.5, 2, 7.5, 3.25], "texture": "#0"},
				"south": {"uv": [9.5, 8.75, 9.75, 10], "texture": "#0"},
				"west": {"uv": [3.5, 5.5, 5.5, 6.75], "texture": "#0"},
				"up": {"uv": [7, 10, 6.75, 8], "texture": "#0"},
				"down": {"uv": [7.25, 8, 7, 10], "texture": "#0"}
			}
		},
		{
			"from": [4.5, 8.1, 3.9],
			"to": [11.5, 8.6, 11.7],
			"rotation": {"angle": 22.5, "axis": "x", "origin": [8, 4.6, 7.7]},
			"faces": {
				"north": {"uv": [8.5, 3, 10.25, 3.25], "texture": "#0"},
				"east": {"uv": [8, 7, 10, 7.25], "texture": "#0"},
				"south": {"uv": [8.5, 3.25, 10.25, 3.5], "texture": "#0"},
				"west": {"uv": [8, 7.25, 10, 7.5], "texture": "#0"},
				"up": {"uv": [5.5, 2, 3.75, 0], "texture": "#0"},
				"down": {"uv": [5.5, 2, 3.75, 4], "texture": "#0"}
			}
		},
		{
			"from": [5, 3.1, 3.8],
			"to": [11, 8.1, 11.7],
			"rotation": {"angle": 22.5, "axis": "x", "origin": [8, 4.6, 7.7]},
			"faces": {
				"north": {"uv": [7.5, 1.25, 9, 2.5], "texture": "#0"},
				"east": {"uv": [5.5, 5.5, 7.5, 6.75], "texture": "#0"},
				"south": {"uv": [1.75, 7.5, 3.25, 8.75], "texture": "#0"},
				"west": {"uv": [6, 3.25, 8, 4.5], "texture": "#0"},
				"up": {"uv": [7, 2, 5.5, 0], "texture": "#0"},
				"down": {"uv": [3.5, 5.5, 2, 7.5], "texture": "#0"}
			}
		},
		{
			"from": [11, 3.1, 3.9],
			"to": [11.5, 8.1, 11.7],
			"rotation": {"angle": 22.5, "axis": "x", "origin": [8, 4.6, 7.7]},
			"faces": {
				"north": {"uv": [9.75, 1, 10, 2.25], "texture": "#0"},
				"east": {"uv": [3.5, 6.75, 5.5, 8], "texture": "#0"},
				"south": {"uv": [3.5, 9.75, 3.75, 11], "texture": "#0"},
				"west": {"uv": [5.5, 6.75, 7.5, 8], "texture": "#0"},
				"up": {"uv": [7.5, 10, 7.25, 8], "texture": "#0"},
				"down": {"uv": [8.25, 7.5, 8, 9.5], "texture": "#0"}
			}
		},
		{
			"from": [4, 8.6, 3.7],
			"to": [11, 9.1, 8.7],
			"rotation": {"angle": 22.5, "axis": "x", "origin": [8, 4.6, 7.7]},
			"faces": {
				"north": {"uv": [8.25, 8, 10, 8.25], "texture": "#0"},
				"east": {"uv": [3.5, 9.5, 4.75, 9.75], "texture": "#0"},
				"south": {"uv": [8.25, 8.25, 10, 8.5], "texture": "#0"},
				"west": {"uv": [9.5, 8.5, 10.75, 8.75], "texture": "#0"},
				"up": {"uv": [1.75, 8.25, 0, 7], "texture": "#0"},
				"down": {"uv": [8.75, 0, 7, 1.25], "texture": "#0"}
			}
		},
		{
			"from": [4, 8.6, 10.7],
			"to": [11, 9.1, 11.7],
			"rotation": {"angle": 22.5, "axis": "x", "origin": [8, 4.6, 7.7]},
			"faces": {
				"north": {"uv": [8.75, 0, 10.5, 0.25], "texture": "#0"},
				"east": {"uv": [5.5, 12, 5.75, 12.25], "texture": "#0"},
				"south": {"uv": [8.75, 0.25, 10.5, 0.5], "texture": "#0"},
				"west": {"uv": [12, 5.5, 12.25, 5.75], "texture": "#0"},
				"up": {"uv": [10.5, 0.75, 8.75, 0.5], "texture": "#0"},
				"down": {"uv": [10.5, 0.75, 8.75, 1], "texture": "#0"}
			}
		},
		{
			"from": [4, 8.6, 8.7],
			"to": [5, 9.1, 10.7],
			"rotation": {"angle": 22.5, "axis": "x", "origin": [8, 4.6, 7.7]},
			"faces": {
				"north": {"uv": [5.75, 12, 6, 12.25], "texture": "#0"},
				"east": {"uv": [11.25, 3.75, 11.75, 4], "texture": "#0"},
				"south": {"uv": [12, 5.75, 12.25, 6], "texture": "#0"},
				"west": {"uv": [4, 11.25, 4.5, 11.5], "texture": "#0"},
				"up": {"uv": [9.75, 11.5, 9.5, 11], "texture": "#0"},
				"down": {"uv": [10.25, 11, 10, 11.5], "texture": "#0"}
			}
		},
		{
			"from": [5, 8.7, 8.7],
			"to": [8, 9, 10.7],
			"rotation": {"angle": 22.5, "axis": "x", "origin": [8, 4.6, 7.7]},
			"faces": {
				"north": {"uv": [1.25, 11, 2, 11.25], "texture": "#0"},
				"east": {"uv": [11.25, 4, 11.75, 4.25], "texture": "#0"},
				"south": {"uv": [11, 2, 11.75, 2.25], "texture": "#0"},
				"west": {"uv": [4.5, 11.25, 5, 11.5], "texture": "#0"},
				"up": {"uv": [6.75, 5.5, 6, 5], "texture": "#0"},
				"down": {"uv": [7.5, 5, 6.75, 5.5], "texture": "#0"}
			}
		},
		{
			"from": [11, 8.6, 3.7],
			"to": [12, 9.1, 11.7],
			"rotation": {"angle": 22.5, "axis": "x", "origin": [8, 4.6, 7.7]},
			"faces": {
				"north": {"uv": [5.25, 12, 5.5, 12.25], "texture": "#0"},
				"east": {"uv": [8.25, 7.5, 10.25, 7.75], "texture": "#0"},
				"south": {"uv": [12, 5.25, 12.25, 5.5], "texture": "#0"},
				"west": {"uv": [8.25, 7.75, 10.25, 8], "texture": "#0"},
				"up": {"uv": [0.25, 10.25, 0, 8.25], "texture": "#0"},
				"down": {"uv": [0.5, 8.25, 0.25, 10.25], "texture": "#0"}
			}
		},
		{
			"from": [9.1, 7.77649, 10.3764],
			"to": [10.9, 8.27649, 12.1764],
			"rotation": {"angle": 22.5, "axis": "x", "origin": [10, 8.02649, 11.2764]},
			"faces": {
				"north": {"uv": [0.5, 11.25, 1, 11.5], "texture": "#0"},
				"east": {"uv": [1, 11.25, 1.5, 11.5], "texture": "#0"},
				"south": {"uv": [1.5, 11.25, 2, 11.5], "texture": "#0"},
				"west": {"uv": [11.25, 2.5, 11.75, 2.75], "texture": "#0"},
				"up": {"uv": [8, 3, 7.5, 2.5], "texture": "#0"},
				"down": {"uv": [10.5, 1, 10, 1.5], "texture": "#0"}
			}
		},
		{
			"from": [5.075, 7.77649, 10.3764],
			"to": [5.925, 8.27649, 12.1764],
			"rotation": {"angle": 22.5, "axis": "x", "origin": [5.975, 8.02649, 11.2764]},
			"faces": {
				"north": {"uv": [6, 12, 6.25, 12.25], "texture": "#0"},
				"east": {"uv": [11.25, 5, 11.75, 5.25], "texture": "#0"},
				"south": {"uv": [12, 6, 12.25, 6.25], "texture": "#0"},
				"west": {"uv": [11.25, 5.25, 11.75, 5.5], "texture": "#0"},
				"up": {"uv": [2.25, 11.75, 2, 11.25], "texture": "#0"},
				"down": {"uv": [3.25, 11.25, 3, 11.75], "texture": "#0"}
			}
		},
		{
			"from": [8, 8.7, 8.7],
			"to": [9, 9.1, 10.7],
			"rotation": {"angle": 22.5, "axis": "x", "origin": [8, 4.6, 7.7]},
			"faces": {
				"north": {"uv": [6.25, 12, 6.5, 12.25], "texture": "#0"},
				"east": {"uv": [11.25, 5.75, 11.75, 6], "texture": "#0"},
				"south": {"uv": [12, 6.25, 12.25, 6.5], "texture": "#0"},
				"west": {"uv": [6, 11.25, 6.5, 11.5], "texture": "#0"},
				"up": {"uv": [5.75, 11.75, 5.5, 11.25], "texture": "#0"},
				"down": {"uv": [11.5, 6, 11.25, 6.5], "texture": "#0"}
			}
		},
		{
			"from": [9, 8.7, 8.7],
			"to": [11, 9, 10.7],
			"rotation": {"angle": 22.5, "axis": "x", "origin": [8, 4.6, 7.7]},
			"faces": {
				"north": {"uv": [6.5, 11.25, 7, 11.5], "texture": "#0"},
				"east": {"uv": [11.25, 6.5, 11.75, 6.75], "texture": "#0"},
				"south": {"uv": [11.25, 7, 11.75, 7.25], "texture": "#0"},
				"west": {"uv": [11.25, 7.25, 11.75, 7.5], "texture": "#0"},
				"up": {"uv": [1.75, 10.5, 1.25, 10], "texture": "#0"},
				"down": {"uv": [10.5, 1.5, 10, 2], "texture": "#0"}
			}
		},
		{
			"from": [10.6, 3.175, 7.8],
			"to": [10.75, 3.725, 12.025],
			"rotation": {"angle": 22.5, "axis": "x", "origin": [8, 4.6, 7.7]},
			"faces": {
				"north": {"uv": [6.5, 12, 6.75, 12.25], "texture": "#0"},
				"east": {"uv": [10, 2, 11, 2.25], "texture": "#0"},
				"south": {"uv": [12, 6.5, 12.25, 6.75], "texture": "#0"},
				"west": {"uv": [10, 5.5, 11, 5.75], "texture": "#0"},
				"up": {"uv": [6, 11, 5.75, 10], "texture": "#0"},
				"down": {"uv": [10.25, 5.75, 10, 6.75], "texture": "#0"}
			}
		},
		{
			"from": [10.025, 3.6, 7.8],
			"to": [10.6, 3.725, 12.025],
			"rotation": {"angle": 22.5, "axis": "x", "origin": [8, 4.6, 7.7]},
			"faces": {
				"north": {"uv": [6.75, 12, 7, 12.25], "texture": "#0"},
				"east": {"uv": [6, 10, 7, 10.25], "texture": "#0"},
				"south": {"uv": [12, 6.75, 12.25, 7], "texture": "#0"},
				"west": {"uv": [10, 6.75, 11, 7], "texture": "#0"},
				"up": {"uv": [7.25, 11, 7, 10], "texture": "#0"},
				"down": {"uv": [7.5, 10, 7.25, 11], "texture": "#0"}
			}
		},
		{
			"from": [8.825, 3.175, 7.8],
			"to": [9.4, 3.3, 12.025],
			"rotation": {"angle": 22.5, "axis": "x", "origin": [6.8, 4.6, 7.7]},
			"faces": {
				"north": {"uv": [8.75, 12, 9, 12.25], "texture": "#0"},
				"east": {"uv": [10.25, 6.5, 11.25, 6.75], "texture": "#0"},
				"south": {"uv": [12, 8.75, 12.25, 9], "texture": "#0"},
				"west": {"uv": [10.25, 7.5, 11.25, 7.75], "texture": "#0"},
				"up": {"uv": [8.5, 11.25, 8.25, 10.25], "texture": "#0"},
				"down": {"uv": [8.75, 10.25, 8.5, 11.25], "texture": "#0"}
			}
		},
		{
			"from": [8.825, 3.3, 7.8],
			"to": [9.4, 3.6, 11.775],
			"rotation": {"angle": 22.5, "axis": "x", "origin": [6.8, 4.6, 7.7]},
			"faces": {
				"north": {"uv": [8.5, 12, 8.75, 12.25], "texture": "#0"},
				"east": {"uv": [10.25, 6, 11.25, 6.25], "texture": "#0"},
				"south": {"uv": [12, 8.5, 12.25, 8.75], "texture": "#0"},
				"west": {"uv": [10.25, 6.25, 11.25, 6.5], "texture": "#0"},
				"up": {"uv": [6.75, 11.25, 6.5, 10.25], "texture": "#0"},
				"down": {"uv": [7, 10.25, 6.75, 11.25], "texture": "#0"}
			}
		},
		{
			"from": [9.4, 3.175, 7.8],
			"to": [9.55, 3.725, 12.025],
			"rotation": {"angle": 22.5, "axis": "x", "origin": [6.8, 4.6, 7.7]},
			"faces": {
				"north": {"uv": [8.25, 12, 8.5, 12.25], "texture": "#0"},
				"east": {"uv": [10.25, 5.25, 11.25, 5.5], "texture": "#0"},
				"south": {"uv": [12, 8.25, 12.25, 8.5], "texture": "#0"},
				"west": {"uv": [10.25, 5.75, 11.25, 6], "texture": "#0"},
				"up": {"uv": [6.25, 11.25, 6, 10.25], "texture": "#0"},
				"down": {"uv": [6.5, 10.25, 6.25, 11.25], "texture": "#0"}
			}
		},
		{
			"from": [8.65, 3.175, 7.8],
			"to": [8.825, 3.725, 12.025],
			"rotation": {"angle": 22.5, "axis": "x", "origin": [6.8, 4.6, 7.7]},
			"faces": {
				"north": {"uv": [8, 12, 8.25, 12.25], "texture": "#0"},
				"east": {"uv": [10.25, 3.75, 11.25, 4], "texture": "#0"},
				"south": {"uv": [12, 8, 12.25, 8.25], "texture": "#0"},
				"west": {"uv": [10.25, 4, 11.25, 4.25], "texture": "#0"},
				"up": {"uv": [3.25, 11.25, 3, 10.25], "texture": "#0"},
				"down": {"uv": [10.5, 4.25, 10.25, 5.25], "texture": "#0"}
			}
		},
		{
			"from": [8.825, 3.6, 7.8],
			"to": [9.4, 3.725, 12.025],
			"rotation": {"angle": 22.5, "axis": "x", "origin": [6.8, 4.6, 7.7]},
			"faces": {
				"north": {"uv": [7.75, 12, 8, 12.25], "texture": "#0"},
				"east": {"uv": [2, 10.25, 3, 10.5], "texture": "#0"},
				"south": {"uv": [12, 7.75, 12.25, 8], "texture": "#0"},
				"west": {"uv": [10.25, 2.5, 11.25, 2.75], "texture": "#0"},
				"up": {"uv": [0.5, 11.25, 0.25, 10.25], "texture": "#0"},
				"down": {"uv": [10.5, 2.75, 10.25, 3.75], "texture": "#0"}
			}
		},
		{
			"from": [7.725, 3.175, 7.8],
			"to": [8.3, 3.3, 12.025],
			"rotation": {"angle": 22.5, "axis": "x", "origin": [5.7, 4.6, 7.7]},
			"faces": {
				"north": {"uv": [10, 12, 10.25, 12.25], "texture": "#0"},
				"east": {"uv": [10.5, 4.5, 11.5, 4.75], "texture": "#0"},
				"south": {"uv": [12, 10, 12.25, 10.25], "texture": "#0"},
				"west": {"uv": [10.5, 4.75, 11.5, 5], "texture": "#0"},
				"up": {"uv": [10, 11.5, 9.75, 10.5], "texture": "#0"},
				"down": {"uv": [10.75, 10.25, 10.5, 11.25], "texture": "#0"}
			}
		},
		{
			"from": [7.725, 3.3, 7.8],
			"to": [8.3, 3.6, 11.775],
			"rotation": {"angle": 22.5, "axis": "x", "origin": [5.7, 4.6, 7.7]},
			"faces": {
				"north": {"uv": [9.75, 12, 10, 12.25], "texture": "#0"},
				"east": {"uv": [10.5, 1.75, 11.5, 2], "texture": "#0"},
				"south": {"uv": [12, 9.75, 12.25, 10], "texture": "#0"},
				"west": {"uv": [10.5, 4.25, 11.5, 4.5], "texture": "#0"},
				"up": {"uv": [7.75, 11.5, 7.5, 10.5], "texture": "#0"},
				"down": {"uv": [8, 10.5, 7.75, 11.5], "texture": "#0"}
			}
		},
		{
			"from": [8.3, 3.175, 7.8],
			"to": [8.45, 3.725, 12.025],
			"rotation": {"angle": 22.5, "axis": "x", "origin": [5.7, 4.6, 7.7]},
			"faces": {
				"north": {"uv": [9.5, 12, 9.75, 12.25], "texture": "#0"},
				"east": {"uv": [10.5, 1.25, 11.5, 1.5], "texture": "#0"},
				"south": {"uv": [12, 9.5, 12.25, 9.75], "texture": "#0"},
				"west": {"uv": [10.5, 1.5, 11.5, 1.75], "texture": "#0"},
				"up": {"uv": [3, 11.5, 2.75, 10.5], "texture": "#0"},
				"down": {"uv": [10.75, 2.75, 10.5, 3.75], "texture": "#0"}
			}
		},
		{
			"from": [7.55, 3.175, 7.8],
			"to": [7.725, 3.725, 12.025],
			"rotation": {"angle": 22.5, "axis": "x", "origin": [5.7, 4.6, 7.7]},
			"faces": {
				"north": {"uv": [9.25, 12, 9.5, 12.25], "texture": "#0"},
				"east": {"uv": [10.5, 1, 11.5, 1.25], "texture": "#0"},
				"south": {"uv": [12, 9.25, 12.25, 9.5], "texture": "#0"},
				"west": {"uv": [1.25, 10.5, 2.25, 10.75], "texture": "#0"},
				"up": {"uv": [2.5, 11.5, 2.25, 10.5], "texture": "#0"},
				"down": {"uv": [2.75, 10.5, 2.5, 11.5], "texture": "#0"}
			}
		},
		{
			"from": [7.725, 3.6, 7.8],
			"to": [8.3, 3.725, 12.025],
			"rotation": {"angle": 22.5, "axis": "x", "origin": [5.7, 4.6, 7.7]},
			"faces": {
				"north": {"uv": [9, 12, 9.25, 12.25], "texture": "#0"},
				"east": {"uv": [10.25, 7.75, 11.25, 8], "texture": "#0"},
				"south": {"uv": [12, 9, 12.25, 9.25], "texture": "#0"},
				"west": {"uv": [10.25, 10, 11.25, 10.25], "texture": "#0"},
				"up": {"uv": [10.5, 11.25, 10.25, 10.25], "texture": "#0"},
				"down": {"uv": [10.75, 0, 10.5, 1], "texture": "#0"}
			}
		},
		{
			"from": [10.025, 3.3, 7.8],
			"to": [10.6, 3.6, 11.775],
			"rotation": {"angle": 22.5, "axis": "x", "origin": [8, 4.6, 7.7]},
			"faces": {
				"north": {"uv": [7, 12, 7.25, 12.25], "texture": "#0"},
				"east": {"uv": [10, 7, 11, 7.25], "texture": "#0"},
				"south": {"uv": [12, 7, 12.25, 7.25], "texture": "#0"},
				"west": {"uv": [10, 7.25, 11, 7.5], "texture": "#0"},
				"up": {"uv": [9, 11, 8.75, 10], "texture": "#0"},
				"down": {"uv": [9.25, 10, 9, 11], "texture": "#0"}
			}
		},
		{
			"from": [9.85, 3.175, 7.8],
			"to": [10.025, 3.725, 12.025],
			"rotation": {"angle": 22.5, "axis": "x", "origin": [8, 4.6, 7.7]},
			"faces": {
				"north": {"uv": [7.25, 12, 7.5, 12.25], "texture": "#0"},
				"east": {"uv": [10, 8, 11, 8.25], "texture": "#0"},
				"south": {"uv": [12, 7.25, 12.25, 7.5], "texture": "#0"},
				"west": {"uv": [10, 8.25, 11, 8.5], "texture": "#0"},
				"up": {"uv": [9.5, 11, 9.25, 10], "texture": "#0"},
				"down": {"uv": [9.75, 10, 9.5, 11], "texture": "#0"}
			}
		},
		{
			"from": [10.025, 3.175, 7.8],
			"to": [10.6, 3.3, 12.025],
			"rotation": {"angle": 22.5, "axis": "x", "origin": [8, 4.6, 7.7]},
			"faces": {
				"north": {"uv": [7.5, 12, 7.75, 12.25], "texture": "#0"},
				"east": {"uv": [10, 9.5, 11, 9.75], "texture": "#0"},
				"south": {"uv": [12, 7.5, 12.25, 7.75], "texture": "#0"},
				"west": {"uv": [10, 9.75, 11, 10], "texture": "#0"},
				"up": {"uv": [10.25, 11, 10, 10], "texture": "#0"},
				"down": {"uv": [0.25, 10.25, 0, 11.25], "texture": "#0"}
			}
		},
		{
			"from": [3.3, 0.05, 9.725],
			"to": [6.3, 0.35, 10.925],
			"rotation": {"angle": -22.5, "axis": "y", "origin": [4.3, 0.3, 11.225]},
			"faces": {
				"north": {"uv": [10.5, 5, 11.25, 5.25], "texture": "#0"},
				"east": {"uv": [8.75, 1, 9, 1.25], "texture": "#0"},
				"south": {"uv": [10.75, 0, 11.5, 0.25], "texture": "#0"},
				"west": {"uv": [11.25, 7.5, 11.5, 7.75], "texture": "#0"},
				"up": {"uv": [11.5, 0.5, 10.75, 0.25], "texture": "#0"},
				"down": {"uv": [11.5, 0.5, 10.75, 0.75], "texture": "#0"}
			}
		},
		{
			"from": [4, 0.05, 4.175],
			"to": [7, 0.35, 5.375],
			"rotation": {"angle": 22.5, "axis": "y", "origin": [5, 0.3, 5.675]},
			"faces": {
				"north": {"uv": [10.75, 0.75, 11.5, 1], "texture": "#0"},
				"east": {"uv": [11.25, 7.75, 11.5, 8], "texture": "#0"},
				"south": {"uv": [1.25, 10.75, 2, 11], "texture": "#0"},
				"west": {"uv": [8, 11.25, 8.25, 11.5], "texture": "#0"},
				"up": {"uv": [11.5, 3, 10.75, 2.75], "texture": "#0"},
				"down": {"uv": [11.5, 3, 10.75, 3.25], "texture": "#0"}
			}
		},
		{
			"from": [3.5, 0.05, 9.05],
			"to": [4, 0.35, 10.55],
			"rotation": {"angle": 0, "axis": "y", "origin": [3.2, 0.3, 9.5]},
			"faces": {
				"north": {"uv": [11.25, 8, 11.5, 8.25], "texture": "#0"},
				"east": {"uv": [5.5, 3.75, 6, 4], "texture": "#0"},
				"south": {"uv": [8.25, 11.25, 8.5, 11.5], "texture": "#0"},
				"west": {"uv": [7, 1.75, 7.5, 2], "texture": "#0"},
				"up": {"uv": [2, 7.5, 1.75, 7], "texture": "#0"},
				"down": {"uv": [3.5, 7.5, 3.25, 8], "texture": "#0"}
			}
		},
		{
			"from": [3.5, 0.05, 4.675],
			"to": [4, 0.35, 6.15],
			"rotation": {"angle": 0, "axis": "y", "origin": [3.2, 0.3, 5.225]},
			"faces": {
				"north": {"uv": [11.25, 8.25, 11.5, 8.5], "texture": "#0"},
				"east": {"uv": [7.5, 3, 8, 3.25], "texture": "#0"},
				"south": {"uv": [8.5, 11.25, 8.75, 11.5], "texture": "#0"},
				"west": {"uv": [11, 2.25, 11.5, 2.5], "texture": "#0"},
				"up": {"uv": [2.25, 11.25, 2, 10.75], "texture": "#0"},
				"down": {"uv": [5.75, 10.75, 5.5, 11.25], "texture": "#0"}
			}
		},
		{
			"from": [3.5, -0.025, 5.475],
			"to": [4, 6.2, 6.975],
			"rotation": {"angle": 22.5, "axis": "x", "origin": [3.75, 2.2, 5.975]},
			"faces": {
				"north": {"uv": [2, 8.75, 2.25, 10.25], "texture": "#0"},
				"east": {"uv": [7.5, 4.5, 8, 6], "texture": "#0"},
				"south": {"uv": [2.25, 8.75, 2.5, 10.25], "texture": "#0"},
				"west": {"uv": [7.5, 6, 8, 7.5], "texture": "#0"},
				"up": {"uv": [8.25, 11.25, 8, 10.75], "texture": "#0"},
				"down": {"uv": [3.5, 11, 3.25, 11.5], "texture": "#0"}
			}
		},
		{
			"from": [3.3, 4.74015, 7.28135],
			"to": [4, 5.34015, 7.88135],
			"rotation": {"angle": -22.5, "axis": "x", "origin": [3.85, 5.04015, 7.58135]},
			"faces": {
				"north": {"uv": [9, 11.25, 9.25, 11.5], "texture": "#0"},
				"east": {"uv": [9.25, 11.25, 9.5, 11.5], "texture": "#0"},
				"south": {"uv": [11.25, 10, 11.5, 10.25], "texture": "#0"},
				"west": {"uv": [10.25, 11.25, 10.5, 11.5], "texture": "#0"},
				"up": {"uv": [10.75, 11.5, 10.5, 11.25], "texture": "#0"},
				"down": {"uv": [11, 11.25, 10.75, 11.5], "texture": "#0"}
			}
		},
		{
			"from": [3.2, 4.54015, 7.08135],
			"to": [3.4, 5.54015, 8.08135],
			"rotation": {"angle": 22.5, "axis": "x", "origin": [3.15, 5.04015, 7.58135]},
			"faces": {
				"north": {"uv": [11, 11.25, 11.25, 11.5], "texture": "#0"},
				"east": {"uv": [11.25, 11, 11.5, 11.25], "texture": "#0"},
				"south": {"uv": [11.25, 11.25, 11.5, 11.5], "texture": "#0"},
				"west": {"uv": [0, 11.5, 0.25, 11.75], "texture": "#0"},
				"up": {"uv": [11.75, 0.25, 11.5, 0], "texture": "#0"},
				"down": {"uv": [0.5, 11.5, 0.25, 11.75], "texture": "#0"}
			}
		},
		{
			"from": [3.5, -0.2, 8.3],
			"to": [4, 6, 9.8],
			"rotation": {"angle": -22.5, "axis": "x", "origin": [3.75, 2, 8.8]},
			"faces": {
				"north": {"uv": [2.5, 8.75, 2.75, 10.25], "texture": "#0"},
				"east": {"uv": [7.5, 7.5, 8, 9], "texture": "#0"},
				"south": {"uv": [2.75, 8.75, 3, 10.25], "texture": "#0"},
				"west": {"uv": [8, 2.5, 8.5, 4], "texture": "#0"},
				"up": {"uv": [3.75, 11.5, 3.5, 11], "texture": "#0"},
				"down": {"uv": [4, 11, 3.75, 11.5], "texture": "#0"}
			}
		},
		{
			"from": [9.775, 0.05, 10.1],
			"to": [12.775, 0.35, 11.3],
			"rotation": {"angle": 22.5, "axis": "y", "origin": [10.775, 0.3, 11.6]},
			"faces": {
				"north": {"uv": [10.75, 3.25, 11.5, 3.5], "texture": "#0"},
				"east": {"uv": [11.5, 0.25, 11.75, 0.5], "texture": "#0"},
				"south": {"uv": [10.75, 3.5, 11.5, 3.75], "texture": "#0"},
				"west": {"uv": [0.5, 11.5, 0.75, 11.75], "texture": "#0"},
				"up": {"uv": [5.5, 11, 4.75, 10.75], "texture": "#0"},
				"down": {"uv": [11.5, 8.5, 10.75, 8.75], "texture": "#0"}
			}
		},
		{
			"from": [9.075, 0.05, 3.8],
			"to": [12.075, 0.35, 5],
			"rotation": {"angle": -22.5, "axis": "y", "origin": [10.075, 0.3, 5.3]},
			"faces": {
				"north": {"uv": [10.75, 10.25, 11.5, 10.5], "texture": "#0"},
				"east": {"uv": [11.5, 0.5, 11.75, 0.75], "texture": "#0"},
				"south": {"uv": [10.75, 10.5, 11.5, 10.75], "texture": "#0"},
				"west": {"uv": [0.75, 11.5, 1, 11.75], "texture": "#0"},
				"up": {"uv": [11.5, 11, 10.75, 10.75], "texture": "#0"},
				"down": {"uv": [1.25, 11, 0.5, 11.25], "texture": "#0"}
			}
		},
		{
			"from": [12, 0.05, 9.075],
			"to": [12.5, 0.35, 10.55],
			"rotation": {"angle": 0, "axis": "y", "origin": [11.5, 0.3, 9.5]},
			"faces": {
				"north": {"uv": [11.5, 0.75, 11.75, 1], "texture": "#0"},
				"east": {"uv": [4, 11, 4.5, 11.25], "texture": "#0"},
				"south": {"uv": [1, 11.5, 1.25, 11.75], "texture": "#0"},
				"west": {"uv": [4.5, 11, 5, 11.25], "texture": "#0"},
				"up": {"uv": [5.25, 11.5, 5, 11], "texture": "#0"},
				"down": {"uv": [5.5, 11, 5.25, 11.5], "texture": "#0"}
			}
		},
		{
			"from": [12, 0.05, 4.675],
			"to": [12.5, 0.35, 6.125],
			"rotation": {"angle": 0, "axis": "y", "origin": [11.5, 0.3, 5.225]},
			"faces": {
				"north": {"uv": [11.5, 1, 11.75, 1.25], "texture": "#0"},
				"east": {"uv": [11, 5.5, 11.5, 5.75], "texture": "#0"},
				"south": {"uv": [1.25, 11.5, 1.5, 11.75], "texture": "#0"},
				"west": {"uv": [11, 6.75, 11.5, 7], "texture": "#0"},
				"up": {"uv": [6, 11.5, 5.75, 11], "texture": "#0"},
				"down": {"uv": [7.25, 11, 7, 11.5], "texture": "#0"}
			}
		},
		{
			"from": [12, -0.025, 5.475],
			"to": [12.5, 6.225, 6.975],
			"rotation": {"angle": 22.5, "axis": "x", "origin": [12.25, 2.2, 5.975]},
			"faces": {
				"north": {"uv": [3, 8.75, 3.25, 10.25], "texture": "#0"},
				"east": {"uv": [3.25, 8, 3.75, 9.5], "texture": "#0"},
				"south": {"uv": [8.75, 8.5, 9, 10], "texture": "#0"},
				"west": {"uv": [3.75, 8, 4.25, 9.5], "texture": "#0"},
				"up": {"uv": [11.25, 7.5, 11, 7], "texture": "#0"},
				"down": {"uv": [7.5, 11, 7.25, 11.5], "texture": "#0"}
			}
		},
		{
			"from": [12.6, 4.54015, 7.08135],
			"to": [12.8, 5.54015, 8.08135],
			"rotation": {"angle": -22.5, "axis": "x", "origin": [12.55, 5.04015, 7.58135]},
			"faces": {
				"north": {"uv": [11.5, 1.25, 11.75, 1.5], "texture": "#0"},
				"east": {"uv": [1.5, 11.5, 1.75, 11.75], "texture": "#0"},
				"south": {"uv": [11.5, 1.5, 11.75, 1.75], "texture": "#0"},
				"west": {"uv": [1.75, 11.5, 2, 11.75], "texture": "#0"},
				"up": {"uv": [11.75, 2, 11.5, 1.75], "texture": "#0"},
				"down": {"uv": [2.5, 11.5, 2.25, 11.75], "texture": "#0"}
			}
		},
		{
			"from": [12, 4.74015, 7.28135],
			"to": [12.7, 5.34015, 7.88135],
			"rotation": {"angle": 22.5, "axis": "x", "origin": [12.55, 5.04015, 7.58135]},
			"faces": {
				"north": {"uv": [11.5, 2.25, 11.75, 2.5], "texture": "#0"},
				"east": {"uv": [2.5, 11.5, 2.75, 11.75], "texture": "#0"},
				"south": {"uv": [2.75, 11.5, 3, 11.75], "texture": "#0"},
				"west": {"uv": [11.5, 2.75, 11.75, 3], "texture": "#0"},
				"up": {"uv": [11.75, 3.25, 11.5, 3], "texture": "#0"},
				"down": {"uv": [3.5, 11.5, 3.25, 11.75], "texture": "#0"}
			}
		},
		{
			"from": [12, -0.2, 8.3],
			"to": [12.5, 6, 9.8],
			"rotation": {"angle": -22.5, "axis": "x", "origin": [12.25, 2, 8.8]},
			"faces": {
				"north": {"uv": [9, 1, 9.25, 2.5], "texture": "#0"},
				"east": {"uv": [8, 4, 8.5, 5.5], "texture": "#0"},
				"south": {"uv": [7.5, 9, 7.75, 10.5], "texture": "#0"},
				"west": {"uv": [4.25, 8, 4.75, 9.5], "texture": "#0"},
				"up": {"uv": [11.25, 8.5, 11, 8], "texture": "#0"},
				"down": {"uv": [9, 11, 8.75, 11.5], "texture": "#0"}
			}
		},
		{
			"from": [2.18284, 0, 12.35],
			"to": [3.78284, 0.2, 13.95],
			"rotation": {"angle": 0, "axis": "y", "origin": [2.98284, 0.1, 13.15]},
			"faces": {
				"north": {"uv": [11, 8.75, 11.5, 9], "texture": "#0"},
				"east": {"uv": [9, 11, 9.5, 11.25], "texture": "#0"},
				"south": {"uv": [11, 9, 11.5, 9.25], "texture": "#0"},
				"west": {"uv": [11, 9.25, 11.5, 9.5], "texture": "#0"},
				"up": {"uv": [6, 3.75, 5.5, 3.25], "texture": "#0"},
				"down": {"uv": [7.5, 1.25, 7, 1.75], "texture": "#0"}
			}
		},
		{
			"from": [10.1, 1.7, 10.6],
			"to": [10.5, 1.8, 11.8],
			"rotation": {"angle": 22.5, "axis": "x", "origin": [10.3, 1.75, 11.6]},
			"faces": {
				"north": {"uv": [11.5, 3.25, 11.75, 3.5], "texture": "#0"},
				"east": {"uv": [3.5, 11.5, 3.75, 11.75], "texture": "#0"},
				"south": {"uv": [11.5, 3.5, 11.75, 3.75], "texture": "#0"},
				"west": {"uv": [3.75, 11.5, 4, 11.75], "texture": "#0"},
				"up": {"uv": [4.25, 11.75, 4, 11.5], "texture": "#0"},
				"down": {"uv": [4.5, 11.5, 4.25, 11.75], "texture": "#0"}
			}
		},
		{
			"from": [10.1, 0.925, 11.5],
			"to": [10.5, 1.025, 12.1],
			"rotation": {"angle": 45, "axis": "x", "origin": [10.3, 0.975, 12.5]},
			"faces": {
				"north": {"uv": [7.5, 11.5, 7.75, 11.75], "texture": "#0"},
				"east": {"uv": [11.5, 7.5, 11.75, 7.75], "texture": "#0"},
				"south": {"uv": [7.75, 11.5, 8, 11.75], "texture": "#0"},
				"west": {"uv": [11.5, 7.75, 11.75, 8], "texture": "#0"},
				"up": {"uv": [8.25, 11.75, 8, 11.5], "texture": "#0"},
				"down": {"uv": [11.75, 8, 11.5, 8.25], "texture": "#0"}
			}
		},
		{
			"from": [10.1, 0.75, 12.55],
			"to": [10.5, 1.35, 12.65],
			"rotation": {"angle": -22.5, "axis": "x", "origin": [10.3, 0.35, 12.6]},
			"faces": {
				"north": {"uv": [8.25, 11.5, 8.5, 11.75], "texture": "#0"},
				"east": {"uv": [11.5, 8.25, 11.75, 8.5], "texture": "#0"},
				"south": {"uv": [8.5, 11.5, 8.75, 11.75], "texture": "#0"},
				"west": {"uv": [11.5, 8.5, 11.75, 8.75], "texture": "#0"},
				"up": {"uv": [9, 11.75, 8.75, 11.5], "texture": "#0"},
				"down": {"uv": [11.75, 8.75, 11.5, 9], "texture": "#0"}
			}
		},
		{
			"from": [10.1, 0.22172, 12.60712],
			"to": [10.5, 0.82172, 12.70712],
			"rotation": {"angle": -45, "axis": "x", "origin": [10.3, 0.52172, 12.65712]},
			"faces": {
				"north": {"uv": [9, 11.5, 9.25, 11.75], "texture": "#0"},
				"east": {"uv": [11.5, 9, 11.75, 9.25], "texture": "#0"},
				"south": {"uv": [9.25, 11.5, 9.5, 11.75], "texture": "#0"},
				"west": {"uv": [11.5, 9.25, 11.75, 9.5], "texture": "#0"},
				"up": {"uv": [9.75, 11.75, 9.5, 11.5], "texture": "#0"},
				"down": {"uv": [11.75, 9.5, 11.5, 9.75], "texture": "#0"}
			}
		},
		{
			"from": [10.1, 0.17172, 12.80712],
			"to": [10.5, 0.27172, 13.60712],
			"rotation": {"angle": 22.5, "axis": "x", "origin": [10.3, 0.22172, 13.10712]},
			"faces": {
				"north": {"uv": [11.25, 11.5, 11.5, 11.75], "texture": "#0"},
				"east": {"uv": [11.5, 11.25, 11.75, 11.5], "texture": "#0"},
				"south": {"uv": [11.5, 11.5, 11.75, 11.75], "texture": "#0"},
				"west": {"uv": [0, 11.75, 0.25, 12], "texture": "#0"},
				"up": {"uv": [12, 0.25, 11.75, 0], "texture": "#0"},
				"down": {"uv": [0.5, 11.75, 0.25, 12], "texture": "#0"}
			}
		},
		{
			"from": [10, -0.00328, 13.45712],
			"to": [10.4, 0.09672, 14.05712],
			"rotation": {"angle": -22.5, "axis": "y", "origin": [10.2, 0.04672, 13.75712]},
			"faces": {
				"north": {"uv": [9.75, 11.5, 10, 11.75], "texture": "#0"},
				"east": {"uv": [11.5, 9.75, 11.75, 10], "texture": "#0"},
				"south": {"uv": [10, 11.5, 10.25, 11.75], "texture": "#0"},
				"west": {"uv": [11.5, 10, 11.75, 10.25], "texture": "#0"},
				"up": {"uv": [10.5, 11.75, 10.25, 11.5], "texture": "#0"},
				"down": {"uv": [11.75, 10.25, 11.5, 10.5], "texture": "#0"}
			}
		},
		{
			"from": [9.575, -0.00328, 13.85712],
			"to": [10.225, 0.09672, 14.25712],
			"rotation": {"angle": 22.5, "axis": "y", "origin": [9.875, 0.04672, 14.05712]},
			"faces": {
				"north": {"uv": [10.5, 11.5, 10.75, 11.75], "texture": "#0"},
				"east": {"uv": [11.5, 10.5, 11.75, 10.75], "texture": "#0"},
				"south": {"uv": [10.75, 11.5, 11, 11.75], "texture": "#0"},
				"west": {"uv": [11.5, 10.75, 11.75, 11], "texture": "#0"},
				"up": {"uv": [11.25, 11.75, 11, 11.5], "texture": "#0"},
				"down": {"uv": [11.75, 11, 11.5, 11.25], "texture": "#0"}
			}
		},
		{
			"from": [8.075, -0.00328, 13.93212],
			"to": [9.75, 0.09672, 14.33212],
			"rotation": {"angle": 0, "axis": "y", "origin": [9.4, 0.04672, 14.13212]},
			"faces": {
				"north": {"uv": [11, 9.5, 11.5, 9.75], "texture": "#0"},
				"east": {"uv": [11.75, 0.25, 12, 0.5], "texture": "#0"},
				"south": {"uv": [11, 9.75, 11.5, 10], "texture": "#0"},
				"west": {"uv": [0.5, 11.75, 0.75, 12], "texture": "#0"},
				"up": {"uv": [11.25, 11.25, 10.75, 11], "texture": "#0"},
				"down": {"uv": [0.5, 11.25, 0, 11.5], "texture": "#0"}
			}
		},
		{
			"from": [7.475, -0.00328, 13.83212],
			"to": [8.25, 0.09672, 14.23212],
			"rotation": {"angle": -22.5, "axis": "y", "origin": [7.9, 0.04672, 14.03212]},
			"faces": {
				"north": {"uv": [11.75, 0.5, 12, 0.75], "texture": "#0"},
				"east": {"uv": [0.75, 11.75, 1, 12], "texture": "#0"},
				"south": {"uv": [11.75, 0.75, 12, 1], "texture": "#0"},
				"west": {"uv": [1, 11.75, 1.25, 12], "texture": "#0"},
				"up": {"uv": [12, 1.25, 11.75, 1], "texture": "#0"},
				"down": {"uv": [1.5, 11.75, 1.25, 12], "texture": "#0"}
			}
		},
		{
			"from": [7.25, -0.00328, 13.23212],
			"to": [7.65, 0.09672, 14.00712],
			"rotation": {"angle": 22.5, "axis": "y", "origin": [7.45, 0.04672, 13.65712]},
			"faces": {
				"north": {"uv": [11.75, 1.25, 12, 1.5], "texture": "#0"},
				"east": {"uv": [1.5, 11.75, 1.75, 12], "texture": "#0"},
				"south": {"uv": [11.75, 1.5, 12, 1.75], "texture": "#0"},
				"west": {"uv": [1.75, 11.75, 2, 12], "texture": "#0"},
				"up": {"uv": [12, 2, 11.75, 1.75], "texture": "#0"},
				"down": {"uv": [2.25, 11.75, 2, 12], "texture": "#0"}
			}
		},
		{
			"from": [6.7, -0.00328, 12.93212],
			"to": [7.475, 0.09672, 13.33212],
			"rotation": {"angle": -45, "axis": "y", "origin": [7.125, 0.04672, 13.13212]},
			"faces": {
				"north": {"uv": [11.75, 2, 12, 2.25], "texture": "#0"},
				"east": {"uv": [2.25, 11.75, 2.5, 12], "texture": "#0"},
				"south": {"uv": [11.75, 2.25, 12, 2.5], "texture": "#0"},
				"west": {"uv": [2.5, 11.75, 2.75, 12], "texture": "#0"},
				"up": {"uv": [12, 2.75, 11.75, 2.5], "texture": "#0"},
				"down": {"uv": [3, 11.75, 2.75, 12], "texture": "#0"}
			}
		},
		{
			"from": [6.175, -0.00328, 12.68212],
			"to": [6.95, 0.09672, 13.08212],
			"rotation": {"angle": 0, "axis": "y", "origin": [6.6, 0.04672, 12.88212]},
			"faces": {
				"north": {"uv": [11.75, 2.75, 12, 3], "texture": "#0"},
				"east": {"uv": [3, 11.75, 3.25, 12], "texture": "#0"},
				"south": {"uv": [11.75, 3, 12, 3.25], "texture": "#0"},
				"west": {"uv": [3.25, 11.75, 3.5, 12], "texture": "#0"},
				"up": {"uv": [12, 3.5, 11.75, 3.25], "texture": "#0"},
				"down": {"uv": [3.75, 11.75, 3.5, 12], "texture": "#0"}
			}
		},
		{
			"from": [5.675, -0.00328, 12.85712],
			"to": [6.45, 0.09672, 13.25712],
			"rotation": {"angle": 45, "axis": "y", "origin": [6.1, 0.04672, 13.05712]},
			"faces": {
				"north": {"uv": [11.75, 3.5, 12, 3.75], "texture": "#0"},
				"east": {"uv": [3.75, 11.75, 4, 12], "texture": "#0"},
				"south": {"uv": [11.75, 3.75, 12, 4], "texture": "#0"},
				"west": {"uv": [4, 11.75, 4.25, 12], "texture": "#0"},
				"up": {"uv": [12, 4.25, 11.75, 4], "texture": "#0"},
				"down": {"uv": [4.5, 11.75, 4.25, 12], "texture": "#0"}
			}
		},
		{
			"from": [5.525, -0.00328, 13.23212],
			"to": [5.925, 0.09672, 14.00712],
			"rotation": {"angle": -22.5, "axis": "y", "origin": [5.725, 0.04672, 13.58212]},
			"faces": {
				"north": {"uv": [11.75, 4.25, 12, 4.5], "texture": "#0"},
				"east": {"uv": [4.5, 11.75, 4.75, 12], "texture": "#0"},
				"south": {"uv": [11.75, 4.5, 12, 4.75], "texture": "#0"},
				"west": {"uv": [4.75, 11.75, 5, 12], "texture": "#0"},
				"up": {"uv": [12, 5, 11.75, 4.75], "texture": "#0"},
				"down": {"uv": [5.25, 11.75, 5, 12], "texture": "#0"}
			}
		},
		{
			"from": [5.4, -0.00328, 13.85712],
			"to": [5.8, 0.09672, 14.63212],
			"rotation": {"angle": 0, "axis": "y", "origin": [5.6, 0.04672, 14.20712]},
			"faces": {
				"north": {"uv": [11.75, 5, 12, 5.25], "texture": "#0"},
				"east": {"uv": [5.25, 11.75, 5.5, 12], "texture": "#0"},
				"south": {"uv": [11.75, 5.25, 12, 5.5], "texture": "#0"},
				"west": {"uv": [5.5, 11.75, 5.75, 12], "texture": "#0"},
				"up": {"uv": [12, 5.75, 11.75, 5.5], "texture": "#0"},
				"down": {"uv": [6, 11.75, 5.75, 12], "texture": "#0"}
			}
		},
		{
			"from": [5.575, -0.00328, 14.33212],
			"to": [5.975, 0.09672, 15.10712],
			"rotation": {"angle": 45, "axis": "y", "origin": [5.775, 0.04672, 14.68212]},
			"faces": {
				"north": {"uv": [11.75, 5.75, 12, 6], "texture": "#0"},
				"east": {"uv": [6, 11.75, 6.25, 12], "texture": "#0"},
				"south": {"uv": [11.75, 6, 12, 6.25], "texture": "#0"},
				"west": {"uv": [6.25, 11.75, 6.5, 12], "texture": "#0"},
				"up": {"uv": [12, 6.5, 11.75, 6.25], "texture": "#0"},
				"down": {"uv": [6.75, 11.75, 6.5, 12], "texture": "#0"}
			}
		},
		{
			"from": [5.925, 0.02172, 14.70712],
			"to": [6.7, 0.12172, 15.10712],
			"rotation": {"angle": 0, "axis": "y", "origin": [6.275, 0.07172, 14.90712]},
			"faces": {
				"north": {"uv": [11.75, 6.5, 12, 6.75], "texture": "#0"},
				"east": {"uv": [6.75, 11.75, 7, 12], "texture": "#0"},
				"south": {"uv": [11.75, 6.75, 12, 7], "texture": "#0"},
				"west": {"uv": [7, 11.75, 7.25, 12], "texture": "#0"},
				"up": {"uv": [12, 7.25, 11.75, 7], "texture": "#0"},
				"down": {"uv": [7.5, 11.75, 7.25, 12], "texture": "#0"}
			}
		},
		{
			"from": [6.45, 0.04672, 14.53212],
			"to": [7.225, 0.14672, 14.93212],
			"rotation": {"angle": 45, "axis": "y", "origin": [6.8, 0.09672, 14.73212]},
			"faces": {
				"north": {"uv": [11.75, 7.25, 12, 7.5], "texture": "#0"},
				"east": {"uv": [7.5, 11.75, 7.75, 12], "texture": "#0"},
				"south": {"uv": [11.75, 7.5, 12, 7.75], "texture": "#0"},
				"west": {"uv": [7.75, 11.75, 8, 12], "texture": "#0"},
				"up": {"uv": [12, 8, 11.75, 7.75], "texture": "#0"},
				"down": {"uv": [8.25, 11.75, 8, 12], "texture": "#0"}
			}
		},
		{
			"from": [6.925, 0.07172, 13.80712],
			"to": [7.325, 0.17172, 14.58212],
			"rotation": {"angle": -22.5, "axis": "y", "origin": [7.125, 0.12172, 14.23212]},
			"faces": {
				"north": {"uv": [11.75, 8, 12, 8.25], "texture": "#0"},
				"east": {"uv": [8.25, 11.75, 8.5, 12], "texture": "#0"},
				"south": {"uv": [11.75, 8.25, 12, 8.5], "texture": "#0"},
				"west": {"uv": [8.5, 11.75, 8.75, 12], "texture": "#0"},
				"up": {"uv": [12, 8.75, 11.75, 8.5], "texture": "#0"},
				"down": {"uv": [9, 11.75, 8.75, 12], "texture": "#0"}
			}
		},
		{
			"from": [6.95, 0.07172, 13.25712],
			"to": [7.35, 0.17172, 14.03212],
			"rotation": {"angle": 22.5, "axis": "y", "origin": [7.15, 0.12172, 13.68212]},
			"faces": {
				"north": {"uv": [11.75, 8.75, 12, 9], "texture": "#0"},
				"east": {"uv": [9, 11.75, 9.25, 12], "texture": "#0"},
				"south": {"uv": [11.75, 9, 12, 9.25], "texture": "#0"},
				"west": {"uv": [9.25, 11.75, 9.5, 12], "texture": "#0"},
				"up": {"uv": [12, 9.5, 11.75, 9.25], "texture": "#0"},
				"down": {"uv": [9.75, 11.75, 9.5, 12], "texture": "#0"}
			}
		},
		{
			"from": [6.375, 0.07172, 13.05712],
			"to": [7.15, 0.17172, 13.45712],
			"rotation": {"angle": -22.5, "axis": "y", "origin": [6.8, 0.12172, 13.25712]},
			"faces": {
				"north": {"uv": [11.75, 9.5, 12, 9.75], "texture": "#0"},
				"east": {"uv": [9.75, 11.75, 10, 12], "texture": "#0"},
				"south": {"uv": [11.75, 9.75, 12, 10], "texture": "#0"},
				"west": {"uv": [10, 11.75, 10.25, 12], "texture": "#0"},
				"up": {"uv": [12, 10.25, 11.75, 10], "texture": "#0"},
				"down": {"uv": [10.5, 11.75, 10.25, 12], "texture": "#0"}
			}
		},
		{
			"from": [5.725, 0.07172, 12.93212],
			"to": [6.5, 0.17172, 13.33212],
			"rotation": {"angle": 0, "axis": "y", "origin": [6.15, 0.12172, 13.13212]},
			"faces": {
				"north": {"uv": [11.75, 10.25, 12, 10.5], "texture": "#0"},
				"east": {"uv": [10.5, 11.75, 10.75, 12], "texture": "#0"},
				"south": {"uv": [11.75, 10.5, 12, 10.75], "texture": "#0"},
				"west": {"uv": [10.75, 11.75, 11, 12], "texture": "#0"},
				"up": {"uv": [12, 11, 11.75, 10.75], "texture": "#0"},
				"down": {"uv": [11.25, 11.75, 11, 12], "texture": "#0"}
			}
		},
		{
			"from": [4.75, -0.02828, 12.93212],
			"to": [5.525, 0.07172, 13.33212],
			"rotation": {"angle": 0, "axis": "y", "origin": [5.175, 0.02172, 13.13212]},
			"faces": {
				"north": {"uv": [0, 12, 0.25, 12.25], "texture": "#0"},
				"east": {"uv": [12, 0, 12.25, 0.25], "texture": "#0"},
				"south": {"uv": [0.25, 12, 0.5, 12.25], "texture": "#0"},
				"west": {"uv": [12, 0.25, 12.25, 0.5], "texture": "#0"},
				"up": {"uv": [0.75, 12.25, 0.5, 12], "texture": "#0"},
				"down": {"uv": [12.25, 0.5, 12, 0.75], "texture": "#0"}
			}
		},
		{
			"from": [4.075, 0.09672, 12.93212],
			"to": [4.85, 0.19672, 13.33212],
			"rotation": {"angle": -22.5, "axis": "z", "origin": [4.5, 0.14672, 13.13212]},
			"faces": {
				"north": {"uv": [0.75, 12, 1, 12.25], "texture": "#0"},
				"east": {"uv": [12, 0.75, 12.25, 1], "texture": "#0"},
				"south": {"uv": [1, 12, 1.25, 12.25], "texture": "#0"},
				"west": {"uv": [12, 1, 12.25, 1.25], "texture": "#0"},
				"up": {"uv": [1.5, 12.25, 1.25, 12], "texture": "#0"},
				"down": {"uv": [12.25, 1.25, 12, 1.5], "texture": "#0"}
			}
		},
		{
			"from": [3.8, 0.49672, 12.93212],
			"to": [4.225, 0.59672, 13.33212],
			"rotation": {"angle": -45, "axis": "z", "origin": [3.875, 0.54672, 13.13212]},
			"faces": {
				"north": {"uv": [3.75, 12, 4, 12.25], "texture": "#0"},
				"east": {"uv": [12, 3.75, 12.25, 4], "texture": "#0"},
				"south": {"uv": [4, 12, 4.25, 12.25], "texture": "#0"},
				"west": {"uv": [12, 4, 12.25, 4.25], "texture": "#0"},
				"up": {"uv": [4.5, 12.25, 4.25, 12], "texture": "#0"},
				"down": {"uv": [12.25, 4.25, 12, 4.5], "texture": "#0"}
			}
		},
		{
			"from": [3.65, 0.54672, 12.93212],
			"to": [3.75, 1.02172, 13.33212],
			"rotation": {"angle": 22.5, "axis": "z", "origin": [3.7, 0.89672, 13.13212]},
			"faces": {
				"north": {"uv": [4.5, 12, 4.75, 12.25], "texture": "#0"},
				"east": {"uv": [12, 4.5, 12.25, 4.75], "texture": "#0"},
				"south": {"uv": [4.75, 12, 5, 12.25], "texture": "#0"},
				"west": {"uv": [12, 4.75, 12.25, 5], "texture": "#0"},
				"up": {"uv": [5.25, 12.25, 5, 12], "texture": "#0"},
				"down": {"uv": [12.25, 5, 12, 5.25], "texture": "#0"}
			}
		},
		{
			"from": [3.6, 0.99672, 12.93212],
			"to": [3.7, 1.54672, 13.33212],
			"rotation": {"angle": 0, "axis": "z", "origin": [3.675, 1.12172, 13.13212]},
			"faces": {
				"north": {"uv": [1.5, 12, 1.75, 12.25], "texture": "#0"},
				"east": {"uv": [12, 1.5, 12.25, 1.75], "texture": "#0"},
				"south": {"uv": [1.75, 12, 2, 12.25], "texture": "#0"},
				"west": {"uv": [12, 1.75, 12.25, 2], "texture": "#0"},
				"up": {"uv": [2.25, 12.25, 2, 12], "texture": "#0"},
				"down": {"uv": [12.25, 2, 12, 2.25], "texture": "#0"}
			}
		},
		{
			"from": [3.475, 1.49672, 12.93212],
			"to": [3.575, 2.27172, 13.33212],
			"rotation": {"angle": 22.5, "axis": "z", "origin": [3.525, 1.84672, 13.13212]},
			"faces": {
				"north": {"uv": [2.25, 12, 2.5, 12.25], "texture": "#0"},
				"east": {"uv": [12, 2.25, 12.25, 2.5], "texture": "#0"},
				"south": {"uv": [2.5, 12, 2.75, 12.25], "texture": "#0"},
				"west": {"uv": [12, 2.5, 12.25, 2.75], "texture": "#0"},
				"up": {"uv": [3, 12.25, 2.75, 12], "texture": "#0"},
				"down": {"uv": [12.25, 2.75, 12, 3], "texture": "#0"}
			}
		},
		{
			"from": [3.2, 2.17172, 12.93212],
			"to": [3.3, 2.94672, 13.33212],
			"rotation": {"angle": 22.5, "axis": "z", "origin": [3.25, 2.52172, 13.13212]},
			"faces": {
				"north": {"uv": [3, 12, 3.25, 12.25], "texture": "#0"},
				"east": {"uv": [12, 3, 12.25, 3.25], "texture": "#0"},
				"south": {"uv": [3.25, 12, 3.5, 12.25], "texture": "#0"},
				"west": {"uv": [12, 3.25, 12.25, 3.5], "texture": "#0"},
				"up": {"uv": [3.75, 12.25, 3.5, 12], "texture": "#0"},
				"down": {"uv": [12.25, 3.5, 12, 3.75], "texture": "#0"}
			}
		},
		{
			"from": [5.5, -0.05328, 12.93212],
			"to": [5.775, 0.04672, 13.33212],
			"rotation": {"angle": 22.5, "axis": "z", "origin": [5.425, -0.00328, 13.13212]},
			"faces": {
				"north": {"uv": [11.75, 11, 12, 11.25], "texture": "#0"},
				"east": {"uv": [11.25, 11.75, 11.5, 12], "texture": "#0"},
				"south": {"uv": [11.75, 11.25, 12, 11.5], "texture": "#0"},
				"west": {"uv": [11.5, 11.75, 11.75, 12], "texture": "#0"},
				"up": {"uv": [12, 11.75, 11.75, 11.5], "texture": "#0"},
				"down": {"uv": [12, 11.75, 11.75, 12], "texture": "#0"}
			}
		},
		{
			"from": [2.9, 0.1, 13.05],
			"to": [3.1, 11.025, 13.25],
			"rotation": {"angle": 45, "axis": "y", "origin": [3, 5.5, 13.15]},
			"faces": {
				"north": {"uv": [4.75, 8, 5, 10.75], "texture": "#0"},
				"east": {"uv": [5, 8, 5.25, 10.75], "texture": "#0"},
				"south": {"uv": [5.25, 8, 5.5, 10.75], "texture": "#0"},
				"west": {"uv": [5.5, 8, 5.75, 10.75], "texture": "#0"},
				"up": {"uv": [11.75, 4.5, 11.5, 4.25], "texture": "#0"},
				"down": {"uv": [4.75, 11.5, 4.5, 11.75], "texture": "#0"}
			}
		},
		{
			"from": [-0.375, 11.05, 13.025],
			"to": [6.375, 11.25, 13.275],
			"rotation": {"angle": 22.5, "axis": "z", "origin": [3.125, 11.15, 13.15]},
			"faces": {
				"north": {"uv": [8.5, 3.5, 10.25, 3.75], "texture": "#0"},
				"east": {"uv": [5.25, 11.5, 5.5, 11.75], "texture": "#0"},
				"south": {"uv": [8.5, 3.75, 10.25, 4], "texture": "#0"},
				"west": {"uv": [11.5, 5.5, 11.75, 5.75], "texture": "#0"},
				"up": {"uv": [10.25, 4.25, 8.5, 4], "texture": "#0"},
				"down": {"uv": [10.25, 4.25, 8.5, 4.5], "texture": "#0"}
			}
		},
		{
			"from": [3, 11.1, 9.65],
			"to": [3.25, 11.2, 16.65],
			"rotation": {"angle": 22.5, "axis": "z", "origin": [3.125, 11.15, 13.15]},
			"faces": {
				"north": {"uv": [5.75, 11.5, 6, 11.75], "texture": "#0"},
				"east": {"uv": [8.5, 4.5, 10.25, 4.75], "texture": "#0"},
				"south": {"uv": [6, 11.5, 6.25, 11.75], "texture": "#0"},
				"west": {"uv": [8.5, 4.75, 10.25, 5], "texture": "#0"},
				"up": {"uv": [1.75, 10, 1.5, 8.25], "texture": "#0"},
				"down": {"uv": [8.5, 8.5, 8.25, 10.25], "texture": "#0"}
			}
		},
		{
			"from": [1.55, 10.5, 9.4],
			"to": [1.8, 10.6, 16.9],
			"rotation": {"angle": 22.5, "axis": "z", "origin": [1.675, 10.55, 13.15]},
			"faces": {
				"north": {"uv": [7, 11.5, 7.25, 11.75], "texture": "#0"},
				"east": {"uv": [8.5, 5, 10.25, 5.25], "texture": "#0"},
				"south": {"uv": [7.25, 11.5, 7.5, 11.75], "texture": "#0"},
				"west": {"uv": [8.5, 5.25, 10.25, 5.5], "texture": "#0"},
				"up": {"uv": [8.75, 10.25, 8.5, 8.5], "texture": "#0"},
				"down": {"uv": [2, 8.75, 1.75, 10.5], "texture": "#0"}
			}
		},
		{
			"from": [4.2, 11.6, 10.65],
			"to": [4.45, 11.7, 15.65],
			"rotation": {"angle": 22.5, "axis": "z", "origin": [4.325, 11.65, 13.15]},
			"faces": {
				"north": {"uv": [11.5, 6, 11.75, 6.25], "texture": "#0"},
				"east": {"uv": [9.75, 2.25, 11, 2.5], "texture": "#0"},
				"south": {"uv": [6.25, 11.5, 6.5, 11.75], "texture": "#0"},
				"west": {"uv": [9.75, 8.75, 11, 9], "texture": "#0"},
				"up": {"uv": [4, 11, 3.75, 9.75], "texture": "#0"},
				"down": {"uv": [4.25, 9.75, 4, 11], "texture": "#0"}
			}
		},
		{
			"from": [0.1, 9.9, 10.65],
			"to": [0.35, 10, 15.65],
			"rotation": {"angle": 22.5, "axis": "z", "origin": [0.225, 9.95, 13.15]},
			"faces": {
				"north": {"uv": [6.75, 11.5, 7, 11.75], "texture": "#0"},
				"east": {"uv": [9.75, 9, 11, 9.25], "texture": "#0"},
				"south": {"uv": [11.5, 6.75, 11.75, 7], "texture": "#0"},
				"west": {"uv": [9.75, 9.25, 11, 9.5], "texture": "#0"},
				"up": {"uv": [4.5, 11, 4.25, 9.75], "texture": "#0"},
				"down": {"uv": [4.75, 9.75, 4.5, 11], "texture": "#0"}
			}
		},
		{
			"from": [5.525, 12.175, 10.1],
			"to": [5.775, 12.275, 16.2],
			"rotation": {"angle": 22.5, "axis": "z", "origin": [5.65, 12.225, 13.15]},
			"faces": {
				"north": {"uv": [11.5, 6.25, 11.75, 6.5], "texture": "#0"},
				"east": {"uv": [6, 4.5, 7.5, 4.75], "texture": "#0"},
				"south": {"uv": [6.5, 11.5, 6.75, 11.75], "texture": "#0"},
				"west": {"uv": [6, 4.75, 7.5, 5], "texture": "#0"},
				"up": {"uv": [9.75, 2.5, 9.5, 1], "texture": "#0"},
				"down": {"uv": [3.5, 9.5, 3.25, 11], "texture": "#0"}
			}
		},
		{
			"from": [2.8, 0.05, 12.95],
			"to": [3.2, 7, 13.35],
			"rotation": {"angle": 22.5, "axis": "y", "origin": [3, 3.5, 13.15]},
			"faces": {
				"north": {"uv": [0.5, 8.25, 0.75, 10], "texture": "#0"},
				"east": {"uv": [0.75, 8.25, 1, 10], "texture": "#0"},
				"south": {"uv": [1, 8.25, 1.25, 10], "texture": "#0"},
				"west": {"uv": [1.25, 8.25, 1.5, 10], "texture": "#0"},
				"up": {"uv": [11.75, 4.75, 11.5, 4.5], "texture": "#0"},
				"down": {"uv": [5, 11.5, 4.75, 11.75], "texture": "#0"}
			}
		},
		{
			"from": [2.7, 0.025, 12.85],
			"to": [3.3, 4, 13.45],
			"rotation": {"angle": 0, "axis": "y", "origin": [3, 2, 13.15]},
			"faces": {
				"north": {"uv": [9.75, 9.5, 10, 10.5], "texture": "#0"},
				"east": {"uv": [0.5, 10, 0.75, 11], "texture": "#0"},
				"south": {"uv": [0.75, 10, 1, 11], "texture": "#0"},
				"west": {"uv": [1, 10, 1.25, 11], "texture": "#0"},
				"up": {"uv": [11.75, 5, 11.5, 4.75], "texture": "#0"},
				"down": {"uv": [5.25, 11.5, 5, 11.75], "texture": "#0"}
			}
		}
	],
	"groups": [
		{
			"name": "Box",
			"origin": [8, 4.6, 7.7],
			"color": 0,
			"children": [0, 1, 2, 3, 4, 5, 6, 7, 8, 9, 10, 11, 12, 13, 14, 15, 16, 17, 18, 19, 20, 21, 22, 23, 24, 25, 26, 27, 28, 29, 30, 31]
		},
		{
			"name": "Leg",
			"origin": [11.25, 2, 7.3],
			"color": 0,
			"children": [32, 33, 34, 35, 36, 37, 38, 39]
		},
		{
			"name": "Leg",
			"origin": [11.25, 2, 7.3],
			"color": 0,
			"children": [40, 41, 42, 43, 44, 45, 46, 47]
		},
		{
			"name": "Antenna",
			"origin": [2.98284, 0.1, 13.15],
			"color": 0,
			"children": [48, 49, 50, 51, 52, 53, 54, 55, 56, 57, 58, 59, 60, 61, 62, 63, 64, 65, 66, 67, 68, 69, 70, 71, 72, 73, 74, 75, 76, 77, 78, 79, 80, 81, 82, 83, 84, 85, 86, 87]
		}
	]
}