{
	"format_version": "1.9.0",
	"credit": "Made with Blockbench",
	"parent": "minecraft:block/block",
	"texture_size": [64, 64],
	"textures": {
		"0": "radio:item/speaker_ground",
		"particle": "radio:item/speaker_ground"
	},
	"elements": [
		{
			"from": [4, 2.1, 3.7],
			"to": [12, 2.6, 11.7],
			"rotation": {"angle": 22.5, "axis": "x", "origin": [8, 4.6, 7.7]},
			"faces": {
				"north": {"uv": [8, 5.5, 10, 5.75], "texture": "#0"},
				"east": {"uv": [8, 5.75, 10, 6], "texture": "#0"},
				"south": {"uv": [8, 6, 10, 6.25], "texture": "#0"},
				"west": {"uv": [8, 6.25, 10, 6.5], "texture": "#0"},
				"up": {"uv": [2, 2, 0, 0], "texture": "#0"},
				"down": {"uv": [2, 2, 0, 4], "texture": "#0"}
			}
		},
		{
			"from": [4, 2.6, 3.7],
			"to": [4.5, 8.6, 11.7],
			"rotation": {"angle": 22.5, "axis": "x", "origin": [8, 4.6, 7.7]},
			"faces": {
				"north": {"uv": [7.75, 9, 8, 10.5], "texture": "#0"},
				"east": {"uv": [0, 4, 2, 5.5], "texture": "#0"},
				"south": {"uv": [9, 8.5, 9.25, 10], "texture": "#0"},
				"west": {"uv": [2, 4, 4, 5.5], "texture": "#0"},
				"up": {"uv": [6, 10, 5.75, 8], "texture": "#0"},
				"down": {"uv": [6.25, 8, 6, 10], "texture": "#0"}
			}
		},
		{
			"from": [11.5, 2.6, 3.7],
			"to": [12, 8.6, 11.7],
			"rotation": {"angle": 22.5, "axis": "x", "origin": [8, 4.6, 7.7]},
			"faces": {
				"north": {"uv": [9.25, 1, 9.5, 2.5], "texture": "#0"},
				"east": {"uv": [4, 4, 6, 5.5], "texture": "#0"},
				"south": {"uv": [9.25, 8.5, 9.5, 10], "texture": "#0"},
				"west": {"uv": [0, 5.5, 2, 7], "texture": "#0"},
				"up": {"uv": [6.5, 10, 6.25, 8], "texture": "#0"},
				"down": {"uv": [6.75, 8, 6.5, 10], "texture": "#0"}
			}
		},
		{
			"from": [4.5, 2.6, 3.9],
			"to": [11.5, 3.1, 11.7],
			"rotation": {"angle": 22.5, "axis": "x", "origin": [8, 4.6, 7.7]},
			"faces": {
				"north": {"uv": [8.5, 2.5, 10.25, 2.75], "texture": "#0"},
				"east": {"uv": [8, 6.5, 10, 6.75], "texture": "#0"},
				"south": {"uv": [8.5, 2.75, 10.25, 3], "texture": "#0"},
				"west": {"uv": [8, 6.75, 10, 7], "texture": "#0"},
				"up": {"uv": [3.75, 2, 2, 0], "texture": "#0"},
				"down": {"uv": [3.75, 2, 2, 4], "texture": "#0"}
			}
		},
		{
			"from": [4.5, 3.1, 3.9],
			"to": [5, 8.1, 11.7],
			"rotation": {"angle": 22.5, "axis": "x", "origin": [8, 4.6, 7.7]},
			"faces": {
				"north": {"uv": [8, 9.5, 8.25, 10.75], "texture": "#0"},
				"east": {"uv": [5.5, 2, 7.5, 3.25], "texture": "#0"},
				"south": {"uv": [9.5, 8.75, 9.75, 10], "texture": "#0"},
				"west": {"uv": [3.5, 5.5, 5.5, 6.75], "texture": "#0"},
				"up": {"uv": [7, 10, 6.75, 8], "texture": "#0"},
				"down": {"uv": [7.25, 8, 7, 10], "texture": "#0"}
			}
		},
		{
			"from": [4.5, 8.1, 3.9],
			"to": [11.5, 8.6, 11.7],
			"rotation": {"angle": 22.5, "axis": "x", "origin": [8, 4.6, 7.7]},
			"faces": {
				"north": {"uv": [8.5, 3, 10.25, 3.25], "texture": "#0"},
				"east": {"uv": [8, 7, 10, 7.25], "texture": "#0"},
				"south": {"uv": [8.5, 3.25, 10.25, 3.5], "texture": "#0"},
				"west": {"uv": [8, 7.25, 10, 7.5], "texture": "#0"},
				"up": {"uv": [5.5, 2, 3.75, 0], "texture": "#0"},
				"down": {"uv": [5.5, 2, 3.75, 4], "texture": "#0"}
			}
		},
		{
			"from": [5, 3.1, 3.8],
			"to": [11, 8.1, 11.7],
			"rotation": {"angle": 22.5, "axis": "x", "origin": [8, 4.6, 7.7]},
			"faces": {
				"north": {"uv": [7.5, 1.25, 9, 2.5], "texture": "#0"},
				"east": {"uv": [5.5, 5.5, 7.5, 6.75], "texture": "#0"},
				"south": {"uv": [1.75, 7.5, 3.25, 8.75], "texture": "#0"},
				"west": {"uv": [6, 3.25, 8, 4.5], "texture": "#0"},
				"up": {"uv": [7, 2, 5.5, 0], "texture": "#0"},
				"down": {"uv": [3.5, 5.5, 2, 7.5], "texture": "#0"}
			}
		},
		{
			"from": [11, 3.1, 3.9],
			"to": [11.5, 8.1, 11.7],
			"rotation": {"angle": 22.5, "axis": "x", "origin": [8, 4.6, 7.7]},
			"faces": {
				"north": {"uv": [9.75, 1, 10, 2.25], "texture": "#0"},
				"east": {"uv": [3.5, 6.75, 5.5, 8], "texture": "#0"},
				"south": {"uv": [3.5, 9.75, 3.75, 11], "texture": "#0"},
				"west": {"uv": [5.5, 6.75, 7.5, 8], "texture": "#0"},
				"up": {"uv": [7.5, 10, 7.25, 8], "texture": "#0"},
				"down": {"uv": [8.25, 7.5, 8, 9.5], "texture": "#0"}
			}
		},
		{
			"from": [4, 8.6, 3.7],
			"to": [11, 9.1, 8.7],
			"rotation": {"angle": 22.5, "axis": "x", "origin": [8, 4.6, 7.7]},
			"faces": {
				"north": {"uv": [8.25, 8, 10, 8.25], "texture": "#0"},
				"east": {"uv": [3.5, 9.5, 4.75, 9.75], "texture": "#0"},
				"south": {"uv": [8.25, 8.25, 10, 8.5], "texture": "#0"},
				"west": {"uv": [9.5, 8.5, 10.75, 8.75], "texture": "#0"},
				"up": {"uv": [1.75, 8.25, 0, 7], "texture": "#0"},
				"down": {"uv": [8.75, 0, 7, 1.25], "texture": "#0"}
			}
		},
		{
			"from": [4, 8.6, 10.7],
			"to": [11, 9.1, 11.7],
			"rotation": {"angle": 22.5, "axis": "x", "origin": [8, 4.6, 7.7]},
			"faces": {
				"north": {"uv": [8.75, 0, 10.5, 0.25], "texture": "#0"},
				"east": {"uv": [5.5, 12, 5.75, 12.25], "texture": "#0"},
				"south": {"uv": [8.75, 0.25, 10.5, 0.5], "texture": "#0"},
				"west": {"uv": [12, 5.5, 12.25, 5.75], "texture": "#0"},
				"up": {"uv": [10.5, 0.75, 8.75, 0.5], "texture": "#0"},
				"down": {"uv": [10.5, 0.75, 8.75, 1], "texture": "#0"}
			}
		},
		{
			"from": [4, 8.6, 8.7],
			"to": [5, 9.1, 10.7],
			"rotation": {"angle": 22.5, "axis": "x", "origin": [8, 4.6, 7.7]},
			"faces": {
				"north": {"uv": [5.75, 12, 6, 12.25], "texture": "#0"},
				"east": {"uv": [11.25, 3.75, 11.75, 4], "texture": "#0"},
				"south": {"uv": [12, 5.75, 12.25, 6], "texture": "#0"},
				"west": {"uv": [4, 11.25, 4.5, 11.5], "texture": "#0"},
				"up": {"uv": [9.75, 11.5, 9.5, 11], "texture": "#0"},
				"down": {"uv": [10.25, 11, 10, 11.5], "texture": "#0"}
			}
		},
		{
			"from": [5, 8.7, 8.7],
			"to": [8, 9, 10.7],
			"rotation": {"angle": 22.5, "axis": "x", "origin": [8, 4.6, 7.7]},
			"faces": {
				"north": {"uv": [1.25, 11, 2, 11.25], "texture": "#0"},
				"east": {"uv": [11.25, 4, 11.75, 4.25], "texture": "#0"},
				"south": {"uv": [11, 2, 11.75, 2.25], "texture": "#0"},
				"west": {"uv": [4.5, 11.25, 5, 11.5], "texture": "#0"},
				"up": {"uv": [6.75, 5.5, 6, 5], "texture": "#0"},
				"down": {"uv": [7.5, 5, 6.75, 5.5], "texture": "#0"}
			}
		},
		{
			"from": [11, 8.6, 3.7],
			"to": [12, 9.1, 11.7],
			"rotation": {"angle": 22.5, "axis": "x", "origin": [8, 4.6, 7.7]},
			"faces": {
				"north": {"uv": [5.25, 12, 5.5, 12.25], "texture": "#0"},
				"east": {"uv": [8.25, 7.5, 10.25, 7.75], "texture": "#0"},
				"south": {"uv": [12, 5.25, 12.25, 5.5], "texture": "#0"},
				"west": {"uv": [8.25, 7.75, 10.25, 8], "texture": "#0"},
				"up": {"uv": [0.25, 10.25, 0, 8.25], "texture": "#0"},
				"down": {"uv": [0.5, 8.25, 0.25, 10.25], "texture": "#0"}
			}
		},
		{
			"from": [9.1, 7.77649, 10.3764],
			"to": [10.9, 8.27649, 12.1764],
			"rotation": {"angle": 22.5, "axis": "x", "origin": [10, 8.02649, 11.2764]},
			"faces": {
				"north": {"uv": [0.5, 11.25, 1, 11.5], "texture": "#0"},
				"east": {"uv": [1, 11.25, 1.5, 11.5], "texture": "#0"},
				"south": {"uv": [1.5, 11.25, 2, 11.5], "texture": "#0"},
				"west": {"uv": [11.25, 2.5, 11.75, 2.75], "texture": "#0"},
				"up": {"uv": [8, 3, 7.5, 2.5], "texture": "#0"},
				"down": {"uv": [10.5, 1, 10, 1.5], "texture": "#0"}
			}
		},
		{
			"from": [5.075, 7.77649, 10.3764],
			"to": [5.925, 8.27649, 12.1764],
			"rotation": {"angle": 22.5, "axis": "x", "origin": [5.975, 8.02649, 11.2764]},
			"faces": {
				"north": {"uv": [6, 12, 6.25, 12.25], "texture": "#0"},
				"east": {"uv": [11.25, 5, 11.75, 5.25], "texture": "#0"},
				"south": {"uv": [12, 6, 12.25, 6.25], "texture": "#0"},
				"west": {"uv": [11.25, 5.25, 11.75, 5.5], "texture": "#0"},
				"up": {"uv": [2.25, 11.75, 2, 11.25], "texture": "#0"},
				"down": {"uv": [3.25, 11.25, 3, 11.75], "texture": "#0"}
			}
		},
		{
			"from": [8, 8.7, 8.7],
			"to": [9, 9.1, 10.7],
			"rotation": {"angle": 22.5, "axis": "x", "origin": [8, 4.6, 7.7]},
			"faces": {
				"north": {"uv": [6.25, 12, 6.5, 12.25], "texture": "#0"},
				"east": {"uv": [11.25, 5.75, 11.75, 6], "texture": "#0"},
				"south": {"uv": [12, 6.25, 12.25, 6.5], "texture": "#0"},
				"west": {"uv": [6, 11.25, 6.5, 11.5], "texture": "#0"},
				"up": {"uv": [5.75, 11.75, 5.5, 11.25], "texture": "#0"},
				"down": {"uv": [11.5, 6, 11.25, 6.5], "texture": "#0"}
			}
		},
		{
			"from": [9, 8.7, 8.7],
			"to": [11, 9, 10.7],
			"rotation": {"angle": 22.5, "axis": "x", "origin": [8, 4.6, 7.7]},
			"faces": {
				"north": {"uv": [6.5, 11.25, 7, 11.5], "texture": "#0"},
				"east": {"uv": [11.25, 6.5, 11.75, 6.75], "texture": "#0"},
				"south": {"uv": [11.25, 7, 11.75, 7.25], "texture": "#0"},
				"west": {"uv": [11.25, 7.25, 11.75, 7.5], "texture": "#0"},
				"up": {"uv": [1.75, 10.5, 1.25, 10], "texture": "#0"},
				"down": {"uv": [10.5, 1.5, 10, 2], "texture": "#0"}
			}
		},
		{
			"from": [10.6, 3.175, 7.8],
			"to": [10.75, 3.725, 12.025],
			"rotation": {"angle": 22.5, "axis": "x", "origin": [8, 4.6, 7.7]},
			"faces": {
				"north": {"uv": [6.5, 12, 6.75, 12.25], "texture": "#0"},
				"east": {"uv": [10, 2, 11, 2.25], "texture": "#0"},
				"south": {"uv": [12, 6.5, 12.25, 6.75], "texture": "#0"},
				"west": {"uv": [10, 5.5, 11, 5.75], "texture": "#0"},
				"up": {"uv": [6, 11, 5.75, 10], "texture": "#0"},
				"down": {"uv": [10.25, 5.75, 10, 6.75], "texture": "#0"}
			}
		},
		{
			"from": [10.025, 3.6, 7.8],
			"to": [10.6, 3.725, 12.025],
			"rotation": {"angle": 22.5, "axis": "x", "origin": [8, 4.6, 7.7]},
			"faces": {
				"north": {"uv": [6.75, 12, 7, 12.25], "texture": "#0"},
				"east": {"uv": [6, 10, 7, 10.25], "texture": "#0"},
				"south": {"uv": [12, 6.75, 12.25, 7], "texture": "#0"},
				"west": {"uv": [10, 6.75, 11, 7], "texture": "#0"},
				"up": {"uv": [7.25, 11, 7, 10], "texture": "#0"},
				"down": {"uv": [7.5, 10, 7.25, 11], "texture": "#0"}
			}
		},
		{
			"from": [8.825, 3.175, 7.8],
			"to": [9.4, 3.3, 12.025],
			"rotation": {"angle": 22.5, "axis": "x", "origin": [6.8, 4.6, 7.7]},
			"faces": {
				"north": {"uv": [8.75, 12, 9, 12.25], "texture": "#0"},
				"east": {"uv": [10.25, 6.5, 11.25, 6.75], "texture": "#0"},
				"south": {"uv": [12, 8.75, 12.25, 9], "texture": "#0"},
				"west": {"uv": [10.25, 7.5, 11.25, 7.75], "texture": "#0"},
				"up": {"uv": [8.5, 11.25, 8.25, 10.25], "texture": "#0"},
				"down": {"uv": [8.75, 10.25, 8.5, 11.25], "texture": "#0"}
			}
		},
		{
			"from": [8.825, 3.3, 7.8],
			"to": [9.4, 3.6, 11.775],
			"rotation": {"angle": 22.5, "axis": "x", "origin": [6.8, 4.6, 7.7]},
			"faces": {
				"north": {"uv": [8.5, 12, 8.75, 12.25], "texture": "#0"},
				"east": {"uv": [10.25, 6, 11.25, 6.25], "texture": "#0"},
				"south": {"uv": [12, 8.5, 12.25, 8.75], "texture": "#0"},
				"west": {"uv": [10.25, 6.25, 11.25, 6.5], "texture": "#0"},
				"up": {"uv": [6.75, 11.25, 6.5, 10.25], "texture": "#0"},
				"down": {"uv": [7, 10.25, 6.75, 11.25], "texture": "#0"}
			}
		},
		{
			"from": [9.4, 3.175, 7.8],
			"to": [9.55, 3.725, 12.025],
			"rotation": {"angle": 22.5, "axis": "x", "origin": [6.8, 4.6, 7.7]},
			"faces": {
				"north": {"uv": [8.25, 12, 8.5, 12.25], "texture": "#0"},
				"east": {"uv": [10.25, 5.25, 11.25, 5.5], "texture": "#0"},
				"south": {"uv": [12, 8.25, 12.25, 8.5], "texture": "#0"},
				"west": {"uv": [10.25, 5.75, 11.25, 6], "texture": "#0"},
				"up": {"uv": [6.25, 11.25, 6, 10.25], "texture": "#0"},
				"down": {"uv": [6.5, 10.25, 6.25, 11.25], "texture": "#0"}
			}
		},
		{
			"from": [8.65, 3.175, 7.8],
			"to": [8.825, 3.725, 12.025],
			"rotation": {"angle": 22.5, "axis": "x", "origin": [6.8, 4.6, 7.7]},
			"faces": {
				"north": {"uv": [8, 12, 8.25, 12.25], "texture": "#0"},
				"east": {"uv": [10.25, 3.75, 11.25, 4], "texture": "#0"},
				"south": {"uv": [12, 8, 12.25, 8.25], "texture": "#0"},
				"west": {"uv": [10.25, 4, 11.25, 4.25], "texture": "#0"},
				"up": {"uv": [3.25, 11.25, 3, 10.25], "texture": "#0"},
				"down": {"uv": [10.5, 4.25, 10.25, 5.25], "texture": "#0"}
			}
		},
		{
			"from": [8.825, 3.6, 7.8],
			"to": [9.4, 3.725, 12.025],
			"rotation": {"angle": 22.5, "axis": "x", "origin": [6.8, 4.6, 7.7]},
			"faces": {
				"north": {"uv": [7.75, 12, 8, 12.25], "texture": "#0"},
				"east": {"uv": [2, 10.25, 3, 10.5], "texture": "#0"},
				"south": {"uv": [12, 7.75, 12.25, 8], "texture": "#0"},
				"west": {"uv": [10.25, 2.5, 11.25, 2.75], "texture": "#0"},
				"up": {"uv": [0.5, 11.25, 0.25, 10.25], "texture": "#0"},
				"down": {"uv": [10.5, 2.75, 10.25, 3.75], "texture": "#0"}
			}
		},
		{
			"from": [7.725, 3.175, 7.8],
			"to": [8.3, 3.3, 12.025],
			"rotation": {"angle": 22.5, "axis": "x", "origin": [5.7, 4.6, 7.7]},
			"faces": {
				"north": {"uv": [10, 12, 10.25, 12.25], "texture": "#0"},
				"east": {"uv": [10.5, 4.5, 11.5, 4.75], "texture": "#0"},
				"south": {"uv": [12, 10, 12.25, 10.25], "texture": "#0"},
				"west": {"uv": [10.5, 4.75, 11.5, 5], "texture": "#0"},
				"up": {"uv": [10, 11.5, 9.75, 10.5], "texture": "#0"},
				"down": {"uv": [10.75, 10.25, 10.5, 11.25], "texture": "#0"}
			}
		},
		{
			"from": [7.725, 3.3, 7.8],
			"to": [8.3, 3.6, 11.775],
			"rotation": {"angle": 22.5, "axis": "x", "origin": [5.7, 4.6, 7.7]},
			"faces": {
				"north": {"uv": [9.75, 12, 10, 12.25], "texture": "#0"},
				"east": {"uv": [10.5, 1.75, 11.5, 2], "texture": "#0"},
				"south": {"uv": [12, 9.75, 12.25, 10], "texture": "#0"},
				"west": {"uv": [10.5, 4.25, 11.5, 4.5], "texture": "#0"},
				"up": {"uv": [7.75, 11.5, 7.5, 10.5], "texture": "#0"},
				"down": {"uv": [8, 10.5, 7.75, 11.5], "texture": "#0"}
			}
		},
		{
			"from": [8.3, 3.175, 7.8],
			"to": [8.45, 3.725, 12.025],
			"rotation": {"angle": 22.5, "axis": "x", "origin": [5.7, 4.6, 7.7]},
			"faces": {
				"north": {"uv": [9.5, 12, 9.75, 12.25], "texture": "#0"},
				"east": {"uv": [10.5, 1.25, 11.5, 1.5], "texture": "#0"},
				"south": {"uv": [12, 9.5, 12.25, 9.75], "texture": "#0"},
				"west": {"uv": [10.5, 1.5, 11.5, 1.75], "texture": "#0"},
				"up": {"uv": [3, 11.5, 2.75, 10.5], "texture": "#0"},
				"down": {"uv": [10.75, 2.75, 10.5, 3.75], "texture": "#0"}
			}
		},
		{
			"from": [7.55, 3.175, 7.8],
			"to": [7.725, 3.725, 12.025],
			"rotation": {"angle": 22.5, "axis": "x", "origin": [5.7, 4.6, 7.7]},
			"faces": {
				"north": {"uv": [9.25, 12, 9.5, 12.25], "texture": "#0"},
				"east": {"uv": [10.5, 1, 11.5, 1.25], "texture": "#0"},
				"south": {"uv": [12, 9.25, 12.25, 9.5], "texture": "#0"},
				"west": {"uv": [1.25, 10.5, 2.25, 10.75], "texture": "#0"},
				"up": {"uv": [2.5, 11.5, 2.25, 10.5], "texture": "#0"},
				"down": {"uv": [2.75, 10.5, 2.5, 11.5], "texture": "#0"}
			}
		},
		{
			"from": [7.725, 3.6, 7.8],
			"to": [8.3, 3.725, 12.025],
			"rotation": {"angle": 22.5, "axis": "x", "origin": [5.7, 4.6, 7.7]},
			"faces": {
				"north": {"uv": [9, 12, 9.25, 12.25], "texture": "#0"},
				"east": {"uv": [10.25, 7.75, 11.25, 8], "texture": "#0"},
				"south": {"uv": [12, 9, 12.25, 9.25], "texture": "#0"},
				"west": {"uv": [10.25, 10, 11.25, 10.25], "texture": "#0"},
				"up": {"uv": [10.5, 11.25, 10.25, 10.25], "texture": "#0"},
				"down": {"uv": [10.75, 0, 10.5, 1], "texture": "#0"}
			}
		},
		{
			"from": [10.025, 3.3, 7.8],
			"to": [10.6, 3.6, 11.775],
			"rotation": {"angle": 22.5, "axis": "x", "origin": [8, 4.6, 7.7]},
			"faces": {
				"north": {"uv": [7, 12, 7.25, 12.25], "texture": "#0"},
				"east": {"uv": [10, 7, 11, 7.25], "texture": "#0"},
				"south": {"uv": [12, 7, 12.25, 7.25], "texture": "#0"},
				"west": {"uv": [10, 7.25, 11, 7.5], "texture": "#0"},
				"up": {"uv": [9, 11, 8.75, 10], "texture": "#0"},
				"down": {"uv": [9.25, 10, 9, 11], "texture": "#0"}
			}
		},
		{
			"from": [9.85, 3.175, 7.8],
			"to": [10.025, 3.725, 12.025],
			"rotation": {"angle": 22.5, "axis": "x", "origin": [8, 4.6, 7.7]},
			"faces": {
				"north": {"uv": [7.25, 12, 7.5, 12.25], "texture": "#0"},
				"east": {"uv": [10, 8, 11, 8.25], "texture": "#0"},
				"south": {"uv": [12, 7.25, 12.25, 7.5], "texture": "#0"},
				"west": {"uv": [10, 8.25, 11, 8.5], "texture": "#0"},
				"up": {"uv": [9.5, 11, 9.25, 10], "texture": "#0"},
				"down": {"uv": [9.75, 10, 9.5, 11], "texture": "#0"}
			}
		},
		{
			"from": [10.025, 3.175, 7.8],
			"to": [10.6, 3.3, 12.025],
			"rotation": {"angle": 22.5, "axis": "x", "origin": [8, 4.6, 7.7]},
			"faces": {
				"north": {"uv": [7.5, 12, 7.75, 12.25], "texture": "#0"},
				"east": {"uv": [10, 9.5, 11, 9.75], "texture": "#0"},
				"south": {"uv": [12, 7.5, 12.25, 7.75], "texture": "#0"},
				"west": {"uv": [10, 9.75, 11, 10], "texture": "#0"},
				"up": {"uv": [10.25, 11, 10, 10], "texture": "#0"},
				"down": {"uv": [0.25, 10.25, 0, 11.25], "texture": "#0"}
			}
		},
		{
			"from": [3.3, 0.05, 9.725],
			"to": [6.3, 0.35, 10.925],
			"rotation": {"angle": -22.5, "axis": "y", "origin": [4.3, 0.3, 11.225]},
			"faces": {
				"north": {"uv": [10.5, 5, 11.25, 5.25], "texture": "#0"},
				"east": {"uv": [8.75, 1, 9, 1.25], "texture": "#0"},
				"south": {"uv": [10.75, 0, 11.5, 0.25], "texture": "#0"},
				"west": {"uv": [11.25, 7.5, 11.5, 7.75], "texture": "#0"},
				"up": {"uv": [11.5, 0.5, 10.75, 0.25], "texture": "#0"},
				"down": {"uv": [11.5, 0.5, 10.75, 0.75], "texture": "#0"}
			}
		},
		{
			"from": [4, 0.05, 4.175],
			"to": [7, 0.35, 5.375],
			"rotation": {"angle": 22.5, "axis": "y", "origin": [5, 0.3, 5.675]},
			"faces": {
				"north": {"uv": [10.75, 0.75, 11.5, 1], "texture": "#0"},
				"east": {"uv": [11.25, 7.75, 11.5, 8], "texture": "#0"},
				"south": {"uv": [1.25, 10.75, 2, 11], "texture": "#0"},
				"west": {"uv": [8, 11.25, 8.25, 11.5], "texture": "#0"},
				"up": {"uv": [11.5, 3, 10.75, 2.75], "texture": "#0"},
				"down": {"uv": [11.5, 3, 10.75, 3.25], "texture": "#0"}
			}
		},
		{
			"from": [3.5, 0.05, 9.05],
			"to": [4, 0.35, 10.55],
			"rotation": {"angle": 0, "axis": "y", "origin": [3.2, 0.3, 9.5]},
			"faces": {
				"north": {"uv": [11.25, 8, 11.5, 8.25], "texture": "#0"},
				"east": {"uv": [5.5, 3.75, 6, 4], "texture": "#0"},
				"south": {"uv": [8.25, 11.25, 8.5, 11.5], "texture": "#0"},
				"west": {"uv": [7, 1.75, 7.5, 2], "texture": "#0"},
				"up": {"uv": [2, 7.5, 1.75, 7], "texture": "#0"},
				"down": {"uv": [3.5, 7.5, 3.25, 8], "texture": "#0"}
			}
		},
		{
			"from": [3.5, 0.05, 4.675],
			"to": [4, 0.35, 6.15],
			"rotation": {"angle": 0, "axis": "y", "origin": [3.2, 0.3, 5.225]},
			"faces": {
				"north": {"uv": [11.25, 8.25, 11.5, 8.5], "texture": "#0"},
				"east": {"uv": [7.5, 3, 8, 3.25], "texture": "#0"},
				"south": {"uv": [8.5, 11.25, 8.75, 11.5], "texture": "#0"},
				"west": {"uv": [11, 2.25, 11.5, 2.5], "texture": "#0"},
				"up": {"uv": [2.25, 11.25, 2, 10.75], "texture": "#0"},
				"down": {"uv": [5.75, 10.75, 5.5, 11.25], "texture": "#0"}
			}
		},
		{
			"from": [3.5, -0.025, 5.475],
			"to": [4, 6.2, 6.975],
			"rotation": {"angle": 22.5, "axis": "x", "origin": [3.75, 2.2, 5.975]},
			"faces": {
				"north": {"uv": [2, 8.75, 2.25, 10.25], "texture": "#0"},
				"east": {"uv": [7.5, 4.5, 8, 6], "texture": "#0"},
				"south": {"uv": [2.25, 8.75, 2.5, 10.25], "texture": "#0"},
				"west": {"uv": [7.5, 6, 8, 7.5], "texture": "#0"},
				"up": {"uv": [8.25, 11.25, 8, 10.75], "texture": "#0"},
				"down": {"uv": [3.5, 11, 3.25, 11.5], "texture": "#0"}
			}
		},
		{
			"from": [3.3, 4.74015, 7.28135],
			"to": [4, 5.34015, 7.88135],
			"rotation": {"angle": -22.5, "axis": "x", "origin": [3.85, 5.04015, 7.58135]},
			"faces": {
				"north": {"uv": [9, 11.25, 9.25, 11.5], "texture": "#0"},
				"east": {"uv": [9.25, 11.25, 9.5, 11.5], "texture": "#0"},
				"south": {"uv": [11.25, 10, 11.5, 10.25], "texture": "#0"},
				"west": {"uv": [10.25, 11.25, 10.5, 11.5], "texture": "#0"},
				"up": {"uv": [10.75, 11.5, 10.5, 11.25], "texture": "#0"},
				"down": {"uv": [11, 11.25, 10.75, 11.5], "texture": "#0"}
			}
		},
		{
			"from": [3.2, 4.54015, 7.08135],
			"to": [3.4, 5.54015, 8.08135],
			"rotation": {"angle": 22.5, "axis": "x", "origin": [3.15, 5.04015, 7.58135]},
			"faces": {
				"north": {"uv": [11, 11.25, 11.25, 11.5], "texture": "#0"},
				"east": {"uv": [11.25, 11, 11.5, 11.25], "texture": "#0"},
				"south": {"uv": [11.25, 11.25, 11.5, 11.5], "texture": "#0"},
				"west": {"uv": [0, 11.5, 0.25, 11.75], "texture": "#0"},
				"up": {"uv": [11.75, 0.25, 11.5, 0], "texture": "#0"},
				"down": {"uv": [0.5, 11.5, 0.25, 11.75], "texture": "#0"}
			}
		},
		{
			"from": [3.5, -0.2, 8.3],
			"to": [4, 6, 9.8],
			"rotation": {"angle": -22.5, "axis": "x", "origin": [3.75, 2, 8.8]},
			"faces": {
				"north": {"uv": [2.5, 8.75, 2.75, 10.25], "texture": "#0"},
				"east": {"uv": [7.5, 7.5, 8, 9], "texture": "#0"},
				"south": {"uv": [2.75, 8.75, 3, 10.25], "texture": "#0"},
				"west": {"uv": [8, 2.5, 8.5, 4], "texture": "#0"},
				"up": {"uv": [3.75, 11.5, 3.5, 11], "texture": "#0"},
				"down": {"uv": [4, 11, 3.75, 11.5], "texture": "#0"}
			}
		},
		{
			"from": [9.775, 0.05, 10.1],
			"to": [12.775, 0.35, 11.3],
			"rotation": {"angle": 22.5, "axis": "y", "origin": [10.775, 0.3, 11.6]},
			"faces": {
				"north": {"uv": [10.75, 3.25, 11.5, 3.5], "texture": "#0"},
				"east": {"uv": [11.5, 0.25, 11.75, 0.5], "texture": "#0"},
				"south": {"uv": [10.75, 3.5, 11.5, 3.75], "texture": "#0"},
				"west": {"uv": [0.5, 11.5, 0.75, 11.75], "texture": "#0"},
				"up": {"uv": [5.5, 11, 4.75, 10.75], "texture": "#0"},
				"down": {"uv": [11.5, 8.5, 10.75, 8.75], "texture": "#0"}
			}
		},
		{
			"from": [9.075, 0.05, 3.8],
			"to": [12.075, 0.35, 5],
			"rotation": {"angle": -22.5, "axis": "y", "origin": [10.075, 0.3, 5.3]},
			"faces": {
				"north": {"uv": [10.75, 10.25, 11.5, 10.5], "texture": "#0"},
				"east": {"uv": [11.5, 0.5, 11.75, 0.75], "texture": "#0"},
				"south": {"uv": [10.75, 10.5, 11.5, 10.75], "texture": "#0"},
				"west": {"uv": [0.75, 11.5, 1, 11.75], "texture": "#0"},
				"up": {"uv": [11.5, 11, 10.75, 10.75], "texture": "#0"},
				"down": {"uv": [1.25, 11, 0.5, 11.25], "texture": "#0"}
			}
		},
		{
			"from": [12, 0.05, 9.075],
			"to": [12.5, 0.35, 10.55],
			"rotation": {"angle": 0, "axis": "y", "origin": [11.5, 0.3, 9.5]},
			"faces": {
				"north": {"uv": [11.5, 0.75, 11.75, 1], "texture": "#0"},
				"east": {"uv": [4, 11, 4.5, 11.25], "texture": "#0"},
				"south": {"uv": [1, 11.5, 1.25, 11.75], "texture": "#0"},
				"west": {"uv": [4.5, 11, 5, 11.25], "texture": "#0"},
				"up": {"uv": [5.25, 11.5, 5, 11], "texture": "#0"},
				"down": {"uv": [5.5, 11, 5.25, 11.5], "texture": "#0"}
			}
		},
		{
			"from": [12, 0.05, 4.675],
			"to": [12.5, 0.35, 6.125],
			"rotation": {"angle": 0, "axis": "y", "origin": [11.5, 0.3, 5.225]},
			"faces": {
				"north": {"uv": [11.5, 1, 11.75, 1.25], "texture": "#0"},
				"east": {"uv": [11, 5.5, 11.5, 5.75], "texture": "#0"},
				"south": {"uv": [1.25, 11.5, 1.5, 11.75], "texture": "#0"},
				"west": {"uv": [11, 6.75, 11.5, 7], "texture": "#0"},
				"up": {"uv": [6, 11.5, 5.75, 11], "texture": "#0"},
				"down": {"uv": [7.25, 11, 7, 11.5], "texture": "#0"}
			}
		},
		{
			"from": [12, -0.025, 5.475],
			"to": [12.5, 6.225, 6.975],
			"rotation": {"angle": 22.5, "axis": "x", "origin": [12.25, 2.2, 5.975]},
			"faces": {
				"north": {"uv": [3, 8.75, 3.25, 10.25], "texture": "#0"},
				"east": {"uv": [3.25, 8, 3.75, 9.5], "texture": "#0"},
				"south": {"uv": [8.75, 8.5, 9, 10], "texture": "#0"},
				"west": {"uv": [3.75, 8, 4.25, 9.5], "texture": "#0"},
				"up": {"uv": [11.25, 7.5, 11, 7], "texture": "#0"},
				"down": {"uv": [7.5, 11, 7.25, 11.5], "texture": "#0"}
			}
		},
		{
			"from": [12.6, 4.54015, 7.08135],
			"to": [12.8, 5.54015, 8.08135],
			"rotation": {"angle": -22.5, "axis": "x", "origin": [12.55, 5.04015, 7.58135]},
			"faces": {
				"north": {"uv": [11.5, 1.25, 11.75, 1.5], "texture": "#0"},
				"east": {"uv": [1.5, 11.5, 1.75, 11.75], "texture": "#0"},
				"south": {"uv": [11.5, 1.5, 11.75, 1.75], "texture": "#0"},
				"west": {"uv": [1.75, 11.5, 2, 11.75], "texture": "#0"},
				"up": {"uv": [11.75, 2, 11.5, 1.75], "texture": "#0"},
				"down": {"uv": [2.5, 11.5, 2.25, 11.75], "texture": "#0"}
			}
		},
		{
			"from": [12, 4.74015, 7.28135],
			"to": [12.7, 5.34015, 7.88135],
			"rotation": {"angle": 22.5, "axis": "x", "origin": [12.55, 5.04015, 7.58135]},
			"faces": {
				"north": {"uv": [11.5, 2.25, 11.75, 2.5], "texture": "#0"},
				"east": {"uv": [2.5, 11.5, 2.75, 11.75], "texture": "#0"},
				"south": {"uv": [2.75, 11.5, 3, 11.75], "texture": "#0"},
				"west": {"uv": [11.5, 2.75, 11.75, 3], "texture": "#0"},
				"up": {"uv": [11.75, 3.25, 11.5, 3], "texture": "#0"},
				"down": {"uv": [3.5, 11.5, 3.25, 11.75], "texture": "#0"}
			}
		},
		{
			"from": [12, -0.2, 8.3],
			"to": [12.5, 6, 9.8],
			"rotation": {"angle": -22.5, "axis": "x", "origin": [12.25, 2, 8.8]},
			"faces": {
				"north": {"uv": [9, 1, 9.25, 2.5], "texture": "#0"},
				"east": {"uv": [8, 4, 8.5, 5.5], "texture": "#0"},
				"south": {"uv": [7.5, 9, 7.75, 10.5], "texture": "#0"},
				"west": {"uv": [4.25, 8, 4.75, 9.5], "texture": "#0"},
				"up": {"uv": [11.25, 8.5, 11, 8], "texture": "#0"},
				"down": {"uv": [9, 11, 8.75, 11.5], "texture": "#0"}
			}
		}
	],
	"groups": [
		{
			"name": "Box",
			"origin": [8, 4.6, 7.7],
			"color": 0,
			"children": [0, 1, 2, 3, 4, 5, 6, 7, 8, 9, 10, 11, 12, 13, 14, 15, 16, 17, 18, 19, 20, 21, 22, 23, 24, 25, 26, 27, 28, 29, 30, 31]
		},
		{
			"name": "Leg",
			"origin": [11.25, 2, 7.3],
			"color": 0,
			"children": [32, 33, 34, 35, 36, 37, 38, 39]
		},
		{
			"name": "Leg",
			"origin": [11.25, 2, 7.3],
			"color": 0,
			"children": [40, 41, 42, 43, 44, 45, 46, 47]
		}
	]
}