{
	"format_version": "1.9.0",
	"credit": "Made with Blockbench",
	"parent": "minecraft:block/block",
	"texture_size": [64, 64],
	"textures": {
		"0": "radio:item/speaker_ground",
		"particle": "radio:item/speaker_ground"
	},
	"elements": [
		{
			"from": [4, 2.1, 3.7],
			"to": [12, 2.6, 11.7],
			"rotation": {"angle": 22.5, "axis": "x", "origin": [8, 4.6, 7.7]},
			"faces": {
				"north": {"uv": [8, 5.5, 10, 5.75], "texture": "#0"},
				"east": {"uv": [8, 5.75, 10, 6], "texture": "#0"},
				"south": {"uv": [8, 6, 10, 6.25], "texture": "#0"},
				"west": {"uv": [8, 6.25, 10, 6.5], "texture": "#0"},
				"up": {"uv": [2, 2, 0, 0], "texture": "#0"},
				"down": {"uv": [2, 2, 0, 4], "texture": "#0"}
			}
		},
		{
			"from": [4, 2.6, 3.7],
			"to": [4.5, 8.6, 11.7],
			"rotation": {"angle": 22.5, "axis": "x", "origin": [8, 4.6, 7.7]},
			"faces": {
				"north": {"uv": [7.75, 9, 8, 10.5], "texture": "#0"},
				"east": {"uv": [0, 4, 2, 5.5], "texture": "#0"},
				"south": {"uv": [9, 8.5, 9.25, 10], "texture": "#0"},
				"west": {"uv": [2, 4, 4, 5.5], "texture": "#0"},
				"up": {"uv": [6, 10, 5.75, 8], "texture": "#0"},
				"down": {"uv": [6.25, 8, 6, 10], "texture": "#0"}
			}
		},
		{
			"from": [11.5, 2.6, 3.7],
			"to": [12, 8.6, 11.7],
			"rotation": {"angle": 22.5, "axis": "x", "origin": [8, 4.6, 7.7]},
			"faces": {
				"north": {"uv": [9.25, 1, 9.5, 2.5], "texture": "#0"},
				"east": {"uv": [4, 4, 6, 5.5], "texture": "#0"},
				"south": {"uv": [9.25, 8.5, 9.5, 10], "texture": "#0"},
				"west": {"uv": [0, 5.5, 2, 7], "texture": "#0"},
				"up": {"uv": [6.5, 10, 6.25, 8], "texture": "#0"},
				"down": {"uv": [6.75, 8, 6.5, 10], "texture": "#0"}
			}
		},
		{
			"from": [4.5, 2.6, 3.9],
			"to": [11.5, 3.1, 11.7],
			"rotation": {"angle": 22.5, "axis": "x", "origin": [8, 4.6, 7.7]},
			"faces": {
				"north": {"uv": [8.5, 2.5, 10.25, 2.75], "texture": "#0"},
				"east": {"uv": [8, 6.5, 10, 6.75], "texture": "#0"},
				"south": {"uv": [8.5, 2.75, 10.25, 3], "texture": "#0"},
				"west": {"uv": [8, 6.75, 10, 7], "texture": "#0"},
				"up": {"uv": [3.75, 2, 2, 0], "texture": "#0"},
				"down": {"uv": [3.75, 2, 2, 4], "texture": "#0"}
			}
		},
		{
			"from": [4.5, 3.1, 3.9],
			"to": [5, 8.1, 11.7],
			"rotation": {"angle": 22.5, "axis": "x", "origin": [8, 4.6, 7.7]},
			"faces": {
				"north": {"uv": [8, 9.5, 8.25, 10.75], "texture": "#0"},
				"east": {"uv": [5.5, 2, 7.5, 3.25], "texture": "#0"},
				"south": {"uv": [9.5, 8.75, 9.75, 10], "texture": "#0"},
				"west": {"uv": [3.5, 5.5, 5.5, 6.75], "texture": "#0"},
				"up": {"uv": [7, 10, 6.75, 8], "texture": "#0"},
				"down": {"uv": [7.25, 8, 7, 10], "texture": "#0"}
			}
		},
		{
			"from": [4.5, 8.1, 3.9],
			"to": [11.5, 8.6, 11.7],
			"rotation": {"angle": 22.5, "axis": "x", "origin": [8, 4.6, 7.7]},
			"faces": {
				"north": {"uv": [8.5, 3, 10.25, 3.25], "texture": "#0"},
				"east": {"uv": [8, 7, 10, 7.25], "texture": "#0"},
				"south": {"uv": [8.5, 3.25, 10.25, 3.5], "texture": "#0"},
				"west": {"uv": [8, 7.25, 10, 7.5], "texture": "#0"},
				"up": {"uv": [5.5, 2, 3.75, 0], "texture": "#0"},
				"down": {"uv": [5.5, 2, 3.75, 4], "texture": "#0"}
			}
		},
		{
			"from": [5, 3.1, 3.8],
			"to": [11, 8.1, 11.7],
			"rotation": {"angle": 22.5, "axis": "x", "origin": [8, 4.6, 7.7]},
			"faces": {
				"north": {"uv": [7.5, 1.25, 9, 2.5], "texture": "#0"},
				"east": {"uv": [5.5, 5.5, 7.5, 6.75], "texture": "#0"},
				"south": {"uv": [1.75, 7.5, 3.25, 8.75], "texture": "#0"},
				"west": {"uv": [6, 3.25, 8, 4.5], "texture": "#0"},
				"up": {"uv": [7, 2, 5.5, 0], "texture": "#0"},
				"down": {"uv": [3.5, 5.5, 2, 7.5], "texture": "#0"}
			}
		},
		{
			"from": [11, 3.1, 3.9],
			"to": [11.5, 8.1, 11.7],
			"rotation": {"angle": 22.5, "axis": "x", "origin": [8, 4.6, 7.7]},
			"faces": {
				"north": {"uv": [9.75, 1, 10, 2.25], "texture": "#0"},
				"east": {"uv": [3.5, 6.75, 5.5, 8], "texture": "#0"},
				"south": {"uv": [3.5, 9.75, 3.75, 11], "texture": "#0"},
				"west": {"uv": [5.5, 6.75, 7.5, 8], "texture": "#0"},
				"up": {"uv": [7.5, 10, 7.25, 8], "texture": "#0"},
				"down": {"uv": [8.25, 7.5, 8, 9.5], "texture": "#0"}
			}
		},
		{
			"from": [4, 8.6, 3.7],
			"to": [11, 9.1, 8.7],
			"rotation": {"angle": 22.5, "axis": "x", "origin": [8, 4.6, 7.7]},
			"faces": {
				"north": {"uv": [8.25, 8, 10, 8.25], "texture": "#0"},
				"east": {"uv": [3.5, 9.5, 4.75, 9.75], "texture": "#0"},
				"south": {"uv": [8.25, 8.25, 10, 8.5], "texture": "#0"},
				"west": {"uv": [9.5, 8.5, 10.75, 8.75], "texture": "#0"},
				"up": {"uv": [1.75, 8.25, 0, 7], "texture": "#0"},
				"down": {"uv": [8.75, 0, 7, 1.25], "texture": "#0"}
			}
		},
		{
			"from": [4, 8.6, 10.7],
			"to": [11, 9.1, 11.7],
			"rotation": {"angle": 22.5, "axis": "x", "origin": [8, 4.6, 7.7]},
			"faces": {
				"north": {"uv": [8.75, 0, 10.5, 0.25], "texture": "#0"},
				"east": {"uv": [5.5, 12, 5.75, 12.25], "texture": "#0"},
				"south": {"uv": [8.75, 0.25, 10.5, 0.5], "texture": "#0"},
				"west": {"uv": [12, 5.5, 12.25, 5.75], "texture": "#0"},
				"up": {"uv": [10.5, 0.75, 8.75, 0.5], "texture": "#0"},
				"down": {"uv": [10.5, 0.75, 8.75, 1], "texture": "#0"}
			}
		},
		{
			"from": [4, 8.6, 8.7],
			"to": [5, 9.1, 10.7],
			"rotation": {"angle": 22.5, "axis": "x", "origin": [8, 4.6, 7.7]},
			"faces": {
				"north": {"uv": [5.75, 12, 6, 12.25], "texture": "#0"},
				"east": {"uv": [11.25, 3.75, 11.75, 4], "texture": "#0"},
				"south": {"uv": [12, 5.75, 12.25, 6], "texture": "#0"},
				"west": {"uv": [4, 11.25, 4.5, 11.5], "texture": "#0"},
				"up": {"uv": [9.75, 11.5, 9.5, 11], "texture": "#0"},
				"down": {"uv": [10.25, 11, 10, 11.5], "texture": "#0"}
			}
		},
		{
			"from": [5, 8.7, 8.7],
			"to": [8, 9, 10.7],
			"rotation": {"angle": 22.5, "axis": "x", "origin": [8, 4.6, 7.7]},
			"faces": {
				"north": {"uv": [1.25, 11, 2, 11.25], "texture": "#0"},
				"east": {"uv": [11.25, 4, 11.75, 4.25], "texture": "#0"},
				"south": {"uv": [11, 2, 11.75, 2.25], "texture": "#0"},
				"west": {"uv": [4.5, 11.25, 5, 11.5], "texture": "#0"},
				"up": {"uv": [6.75, 5.5, 6, 5], "texture": "#0"},
				"down": {"uv": [7.5, 5, 6.75, 5.5], "texture": "#0"}
			}
		},
		{
			"from": [11, 8.6, 3.7],
			"to": [12, 9.1, 11.7],
			"rotation": {"angle": 22.5, "axis": "x", "origin": [8, 4.6, 7.7]},
			"faces": {
				"north": {"uv": [5.25, 12, 5.5, 12.25], "texture": "#0"},
				"east": {"uv": [8.25, 7.5, 10.25, 7.75], "texture": "#0"},
				"south": {"uv": [12, 5.25, 12.25, 5.5], "texture": "#0"},
				"west": {"uv": [8.25, 7.75, 10.25, 8], "texture": "#0"},
				"up": {"uv": [0.25, 10.25, 0, 8.25], "texture": "#0"},
				"down": {"uv": [0.5, 8.25, 0.25, 10.25], "texture": "#0"}
			}
		},
		{
			"from": [9.1, 7.77649, 10.3764],
			"to": [10.9, 8.27649, 12.1764],
			"rotation": {"angle": 22.5, "axis": "x", "origin": [10, 8.02649, 11.2764]},
			"faces": {
				"north": {"uv": [0.5, 11.25, 1, 11.5], "texture": "#0"},
				"east": {"uv": [1, 11.25, 1.5, 11.5], "texture": "#0"},
				"south": {"uv": [1.5, 11.25, 2, 11.5], "texture": "#0"},
				"west": {"uv": [11.25, 2.5, 11.75, 2.75], "texture": "#0"},
				"up": {"uv": [8, 3, 7.5, 2.5], "texture": "#0"},
				"down": {"uv": [10.5, 1, 10, 1.5], "texture": "#0"}
			}
		},
		{
			"from": [5.075, 7.77649, 10.3764],
			"to": [5.925, 8.27649, 12.1764],
			"rotation": {"angle": 22.5, "axis": "x", "origin": [5.975, 8.02649, 11.2764]},
			"faces": {
				"north": {"uv": [6, 12, 6.25, 12.25], "texture": "#0"},
				"east": {"uv": [11.25, 5, 11.75, 5.25], "texture": "#0"},
				"south": {"uv": [12, 6, 12.25, 6.25], "texture": "#0"},
				"west": {"uv": [11.25, 5.25, 11.75, 5.5], "texture": "#0"},
				"up": {"uv": [2.25, 11.75, 2, 11.25], "texture": "#0"},
				"down": {"uv": [3.25, 11.25, 3, 11.75], "texture": "#0"}
			}
		},
		{
			"from": [8, 8.7, 8.7],
			"to": [9, 9.1, 10.7],
			"rotation": {"angle": 22.5, "axis": "x", "origin": [8, 4.6, 7.7]},
			"faces": {
				"north": {"uv": [6.25, 12, 6.5, 12.25], "texture": "#0"},
				"east": {"uv": [11.25, 5.75, 11.75, 6], "texture": "#0"},
				"south": {"uv": [12, 6.25, 12.25, 6.5], "texture": "#0"},
				"west": {"uv": [6, 11.25, 6.5, 11.5], "texture": "#0"},
				"up": {"uv": [5.75, 11.75, 5.5, 11.25], "texture": "#0"},
				"down": {"uv": [11.5, 6, 11.25, 6.5], "texture": "#0"}
			}
		},
		{
			"from": [9, 8.7, 8.7],
			"to": [11, 9, 10.7],
			"rotation": {"angle": 22.5, "axis": "x", "origin": [8, 4.6, 7.7]},
			"faces": {
				"north": {"uv": [6.5, 11.25, 7, 11.5], "texture": "#0"},
				"east": {"uv": [11.25, 6.5, 11.75, 6.75], "texture": "#0"},
				"south": {"uv": [11.25, 7, 11.75, 7.25], "texture": "#0"},
				"west": {"uv": [11.25, 7.25, 11.75, 7.5], "texture": "#0"},
				"up": {"uv": [1.75, 10.5, 1.25, 10], "texture": "#0"},
				"down": {"uv": [10.5, 1.5, 10, 2], "texture": "#0"}
			}
		},
		{
			"from": [10.6, 3.175, 7.8],
			"to": [10.75, 3.725, 12.025],
			"rotation": {"angle": 22.5, "axis": "x", "origin": [8, 4.6, 7.7]},
			"faces": {
				"north": {"uv": [6.5, 12, 6.75, 12.25], "texture": "#0"},
				"east": {"uv": [10, 2, 11, 2.25], "texture": "#0"},
				"south": {"uv": [12, 6.5, 12.25, 6.75], "texture": "#0"},
				"west": {"uv": [10, 5.5, 11, 5.75], "texture": "#0"},
				"up": {"uv": [6, 11, 5.75, 10], "texture": "#0"},
				"down": {"uv": [10.25, 5.75, 10, 6.75], "texture": "#0"}
			}
		},
		{
			"from": [10.025, 3.6, 7.8],
			"to": [10.6, 3.725, 12.025],
			"rotation": {"angle": 22.5, "axis": "x", "origin": [8, 4.6, 7.7]},
			"faces": {
				"north": {"uv": [6.75, 12, 7, 12.25], "texture": "#0"},
				"east": {"uv": [6, 10, 7, 10.25], "texture": "#0"},
				"south": {"uv": [12, 6.75, 12.25, 7], "texture": "#0"},
				"west": {"uv": [10, 6.75, 11, 7], "texture": "#0"},
				"up": {"uv": [7.25, 11, 7, 10], "texture": "#0"},
				"down": {"uv": [7.5, 10, 7.25, 11], "texture": "#0"}
			}
		},
		{
			"from": [8.825, 3.175, 7.8],
			"to": [9.4, 3.3, 12.025],
			"rotation": {"angle": 22.5, "axis": "x", "origin": [6.8, 4.6, 7.7]},
			"faces": {
				"north": {"uv": [8.75, 12, 9, 12.25], "texture": "#0"},
				"east": {"uv": [10.25, 6.5, 11.25, 6.75], "texture": "#0"},
				"south": {"uv": [12, 8.75, 12.25, 9], "texture": "#0"},
				"west": {"uv": [10.25, 7.5, 11.25, 7.75], "texture": "#0"},
				"up": {"uv": [8.5, 11.25, 8.25, 10.25], "texture": "#0"},
				"down": {"uv": [8.75, 10.25, 8.5, 11.25], "texture": "#0"}
			}
		},
		{
			"from": [8.825, 3.3, 7.8],
			"to": [9.4, 3.6, 11.775],
			"rotation": {"angle": 22.5, "axis": "x", "origin": [6.8, 4.6, 7.7]},
			"faces": {
				"north": {"uv": [8.5, 12, 8.75, 12.25], "texture": "#0"},
				"east": {"uv": [10.25, 6, 11.25, 6.25], "texture": "#0"},
				"south": {"uv": [12, 8.5, 12.25, 8.75], "texture": "#0"},
				"west": {"uv": [10.25, 6.25, 11.25, 6.5], "texture": "#0"},
				"up": {"uv": [6.75, 11.25, 6.5, 10.25], "texture": "#0"},
				"down": {"uv": [7, 10.25, 6.75, 11.25], "texture": "#0"}
			}
		},
		{
			"from": [9.4, 3.175, 7.8],
			"to": [9.55, 3.725, 12.025],
			"rotation": {"angle": 22.5, "axis": "x", "origin": [6.8, 4.6, 7.7]},
			"faces": {
				"north": {"uv": [8.25, 12, 8.5, 12.25], "texture": "#0"},
				"east": {"uv": [10.25, 5.25, 11.25, 5.5], "texture": "#0"},
				"south": {"uv": [12, 8.25, 12.25, 8.5], "texture": "#0"},
				"west": {"uv": [10.25, 5.75, 11.25, 6], "texture": "#0"},
				"up": {"uv": [6.25, 11.25, 6, 10.25], "texture": "#0"},
				"down": {"uv": [6.5, 10.25, 6.25, 11.25], "texture": "#0"}
			}
		},
		{
			"from": [8.65, 3.175, 7.8],
			"to": [8.825, 3.725, 12.025],
			"rotation": {"angle": 22.5, "axis": "x", "origin": [6.8, 4.6, 7.7]},
			"faces": {
				"north": {"uv": [8, 12, 8.25, 12.25], "texture": "#0"},
				"east": {"uv": [10.25, 3.75, 11.25, 4], "texture": "#0"},
				"south": {"uv": [12, 8, 12.25, 8.25], "texture": "#0"},
				"west": {"uv": [10.25, 4, 11.25, 4.25], "texture": "#0"},
				"up": {"uv": [3.25, 11.25, 3, 10.25], "texture": "#0"},
				"down": {"uv": [10.5, 4.25, 10.25, 5.25], "texture": "#0"}
			}
		},
		{
			"from": [8.825, 3.6, 7.8],
			"to": [9.4, 3.725, 12.025],
			"rotation": {"angle": 22.5, "axis": "x", "origin": [6.8, 4.6, 7.7]},
			"faces": {
				"north": {"uv": [7.75, 12, 8, 12.25], "texture": "#0"},
				"east": {"uv": [2, 10.25, 3, 10.5], "texture": "#0"},
				"south": {"uv": [12, 7.75, 12.25, 8], "texture": "#0"},
				"west": {"uv": [10.25, 2.5, 11.25, 2.75], "texture": "#0"},
				"up": {"uv": [0.5, 11.25, 0.25, 10.25], "texture": "#0"},
				"down": {"uv": [10.5, 2.75, 10.25, 3.75], "texture": "#0"}
			}
		},
		{
			"from": [7.725, 3.175, 7.8],
			"to": [8.3, 3.3, 12.025],
			"rotation": {"angle": 22.5, "axis": "x", "origin": [5.7, 4.6, 7.7]},
			"faces": {
				"north": {"uv": [10, 12, 10.25, 12.25], "texture": "#0"},
				"east": {"uv": [10.5, 4.5, 11.5, 4.75], "texture": "#0"},
				"south": {"uv": [12, 10, 12.25, 10.25], "texture": "#0"},
				"west": {"uv": [10.5, 4.75, 11.5, 5], "texture": "#0"},
				"up": {"uv": [10, 11.5, 9.75, 10.5], "texture": "#0"},
				"down": {"uv": [10.75, 10.25, 10.5, 11.25], "texture": "#0"}
			}
		},
		{
			"from": [7.725, 3.3, 7.8],
			"to": [8.3, 3.6, 11.775],
			"rotation": {"angle": 22.5, "axis": "x", "origin": [5.7, 4.6, 7.7]},
			"faces": {
				"north": {"uv": [9.75, 12, 10, 12.25], "texture": "#0"},
				"east": {"uv": [10.5, 1.75, 11.5, 2], "texture": "#0"},
				"south": {"uv": [12, 9.75, 12.25, 10], "texture": "#0"},
				"west": {"uv": [10.5, 4.25, 11.5, 4.5], "texture": "#0"},
				"up": {"uv": [7.75, 11.5, 7.5, 10.5], "texture": "#0"},
				"down": {"uv": [8, 10.5, 7.75, 11.5], "texture": "#0"}
			}
		},
		{
			"from": [8.3, 3.175, 7.8],
			"to": [8.45, 3.725, 12.025],
			"rotation": {"angle": 22.5, "axis": "x", "origin": [5.7, 4.6, 7.7]},
			"faces": {
				"north": {"uv": [9.5, 12, 9.75, 12.25], "texture": "#0"},
				"east": {"uv": [10.5, 1.25, 11.5, 1.5], "texture": "#0"},
				"south": {"uv": [12, 9.5, 12.25, 9.75], "texture": "#0"},
				"west": {"uv": [10.5, 1.5, 11.5, 1.75], "texture": "#0"},
				"up": {"uv": [3, 11.5, 2.75, 10.5], "texture": "#0"},
				"down": {"uv": [10.75, 2.75, 10.5, 3.75], "texture": "#0"}
			}
		},
		{
			"from": [7.55, 3.175, 7.8],
			"to": [7.725, 3.725, 12.025],
			"rotation": {"angle": 22.5, "axis": "x", "origin": [5.7, 4.6, 7.7]},
			"faces": {
				"north": {"uv": [9.25, 12, 9.5, 12.25], "texture": "#0"},
				"east": {"uv": [10.5, 1, 11.5, 1.25], "texture": "#0"},
				"south": {"uv": [12, 9.25, 12.25, 9.5], "texture": "#0"},
				"west": {"uv": [1.25, 10.5, 2.25, 10.75], "texture": "#0"},
				"up": {"uv": [2.5, 11.5, 2.25, 10.5], "texture": "#0"},
				"down": {"uv": [2.75, 10.5, 2.5, 11.5], "texture": "#0"}
			}
		},
		{
			"from": [7.725, 3.6, 7.8],
			"to": [8.3, 3.725, 12.025],
			"rotation": {"angle": 22.5, "axis": "x", "origin": [5.7, 4.6, 7.7]},
			"faces": {
				"north": {"uv": [9, 12, 9.25, 12.25], "texture": "#0"},
				"east": {"uv": [10.25, 7.75, 11.25, 8], "texture": "#0"},
				"south": {"uv": [12, 9, 12.25, 9.25], "texture": "#0"},
				"west": {"uv": [10.25, 10, 11.25, 10.25], "texture": "#0"},
				"up": {"uv": [10.5, 11.25, 10.25, 10.25], "texture": "#0"},
				"down": {"uv": [10.75, 0, 10.5, 1], "texture": "#0"}
			}
		},
		{
			"from": [10.025, 3.3, 7.8],
			"to": [10.6, 3.6, 11.775],
			"rotation": {"angle": 22.5, "axis": "x", "origin": [8, 4.6, 7.7]},
			"faces": {
				"north": {"uv": [7, 12, 7.25, 12.25], "texture": "#0"},
				"east": {"uv": [10, 7, 11, 7.25], "texture": "#0"},
				"south": {"uv": [12, 7, 12.25, 7.25], "texture": "#0"},
				"west": {"uv": [10, 7.25, 11, 7.5], "texture": "#0"},
				"up": {"uv": [9, 11, 8.75, 10], "texture": "#0"},
				"down": {"uv": [9.25, 10, 9, 11], "texture": "#0"}
			}
		},
		{
			"from": [9.85, 3.175, 7.8],
			"to": [10.025, 3.725, 12.025],
			"rotation": {"angle": 22.5, "axis": "x", "origin": [8, 4.6, 7.7]},
			"faces": {
				"north": {"uv": [7.25, 12, 7.5, 12.25], "texture": "#0"},
				"east": {"uv": [10, 8, 11, 8.25], "texture": "#0"},
				"south": {"uv": [12, 7.25, 12.25, 7.5], "texture": "#0"},
				"west": {"uv": [10, 8.25, 11, 8.5], "texture": "#0"},
				"up": {"uv": [9.5, 11, 9.25, 10], "texture": "#0"},
				"down": {"uv": [9.75, 10, 9.5, 11], "texture": "#0"}
			}
		},
		{
			"from": [10.025, 3.175, 7.8],
			"to": [10.6, 3.3, 12.025],
			"rotation": {"angle": 22.5, "axis": "x", "origin": [8, 4.6, 7.7]},
			"faces": {
				"north": {"uv": [7.5, 12, 7.75, 12.25], "texture": "#0"},
				"east": {"uv": [10, 9.5, 11, 9.75], "texture": "#0"},
				"south": {"uv": [12, 7.5, 12.25, 7.75], "texture": "#0"},
				"west": {"uv": [10, 9.75, 11, 10], "texture": "#0"},
				"up": {"uv": [10.25, 11, 10, 10], "texture": "#0"},
				"down": {"uv": [0.25, 10.25, 0, 11.25], "texture": "#0"}
			}
		}
	],
	"display": {
		"thirdperson_righthand": {
			"rotation": [110.48, 0.9, -179.5],
			"translation": [0, -1.5, -2.75],
			"scale": [0.50313, 0.50313, 0.50313]
		},
		"thirdperson_lefthand": {
			"rotation": [110.48, 0.9, -179.5],
			"translation": [0, -1.5, -3.25],
			"scale": [0.50313, 0.50313, 0.50313]
		},
		"firstperson_righthand": {
			"rotation": [116.32, 1.83, -168.98]
		},
		"firstperson_lefthand": {
			"rotation": [116.32, 1.83, -168.98]
		},
		"ground": {
			"rotation": [-7.59, -2.33, 16.42],
			"translation": [0, 3, 0],
			"scale": [0.64844, 0.64844, 0.64844]
		},
		"gui": {
			"rotation": [-142.2, -14.4, -172.6],
			"translation": [0.25, 2.5, 0],
			"scale": [1.37305, 1.37305, 1.37305]
		},
		"head": {
			"rotation": [-23, 0, 0],
			"translation": [0, 14.5, -2.25],
			"scale": [1.88477, 1.88477, 1.88477]
		},
		"fixed": {
			"rotation": [-23.25, 0, 0],
			"translation": [0, 4.5, 1.75],
			"scale": [1.99414, 1.99414, 1.99414]
		},
		"on_shelf": {
			"rotation": [-156.75, 0, -180],
			"translation": [0, 2.5, -5],
			"scale": [1.49023, 1.49023, 1.49023]
		}
	},
	"groups": [
		{
			"name": "Box",
			"origin": [8, 4.6, 7.7],
			"color": 0,
			"children": [0, 1, 2, 3, 4, 5, 6, 7, 8, 9, 10, 11, 12, 13, 14, 15, 16, 17, 18, 19, 20, 21, 22, 23, 24, 25, 26, 27, 28, 29, 30, 31]
		}
	]
}